filename,act,section_article,title,chapter,word_count
ppc_section_1.txt,"Pakistan Penal Code, 1860",1,Title and extent of operation of the Code.,INTRODUCTION,23
ppc_section_2.txt,"Pakistan Penal Code, 1860",2,Punishment of offences committed within Pakistan.,INTRODUCTION,37
ppc_section_3.txt,"Pakistan Penal Code, 1860",3,"Punishment of offences committed beyond, but which by law may be tried within Pakistan.",INTRODUCTION,60
ppc_section_4.txt,"Pakistan Penal Code, 1860",4,Extension of Code to extra-territorial offences.,INTRODUCTION,177
ppc_section_5.txt,"Pakistan Penal Code, 1860",5,Certain laws not to be affected by this Act.,INTRODUCTION,52
ppc_section_6.txt,"Pakistan Penal Code, 1860",6,Definitions in the code to be understood subject to exceptions.,INTRODUCTION,179
ppc_section_7.txt,"Pakistan Penal Code, 1860",7,Sense of expression once explained.,INTRODUCTION,29
ppc_section_8.txt,"Pakistan Penal Code, 1860",8,Gender.,INTRODUCTION,16
ppc_section_9.txt,"Pakistan Penal Code, 1860",9,Number.,INTRODUCTION,27
ppc_section_10.txt,"Pakistan Penal Code, 1860",10,"""Man"", ""Woman"".",INTRODUCTION,24
ppc_section_11.txt,"Pakistan Penal Code, 1860",11,"""Person"".",INTRODUCTION,17
ppc_section_12.txt,"Pakistan Penal Code, 1860",12,"""Public"".",INTRODUCTION,13
ppc_section_14.txt,"Pakistan Penal Code, 1860",14,"""Servant of the State"".",INTRODUCTION,34
ppc_section_17.txt,"Pakistan Penal Code, 1860",17,Section 17,INTRODUCTION,23
ppc_section_19.txt,"Pakistan Penal Code, 1860",19,"""Judge"".",INTRODUCTION,120
ppc_section_20.txt,"Pakistan Penal Code, 1860",20,"""Court of Justice"".",INTRODUCTION,49
ppc_section_21.txt,"Pakistan Penal Code, 1860",21,"""Public servant"".",INTRODUCTION,556
ppc_section_22.txt,"Pakistan Penal Code, 1860",22,Movable property.,INTRODUCTION,34
ppc_section_23.txt,"Pakistan Penal Code, 1860",23,"""Wrongful gain"", ""Wrongful loss"", ""Gaining Wrongfully"", ""Losing Wrongfully"".",INTRODUCTION,101
ppc_section_24.txt,"Pakistan Penal Code, 1860",24,"""Dishonestly"".",INTRODUCTION,27
ppc_section_25.txt,"Pakistan Penal Code, 1860",25,"""Fraudulently"".",INTRODUCTION,22
ppc_section_26.txt,"Pakistan Penal Code, 1860",26,"""Reason to believe"".",INTRODUCTION,26
ppc_section_27.txt,"Pakistan Penal Code, 1860",27,"Property in possession of wife, clerk or servant.",INTRODUCTION,66
ppc_section_28.txt,"Pakistan Penal Code, 1860",28,"""Counterfeit"".",INTRODUCTION,117
ppc_section_29.txt,"Pakistan Penal Code, 1860",29,Document:,INTRODUCTION,258
ppc_section_30.txt,"Pakistan Penal Code, 1860",30,"""Valuable security"".",INTRODUCTION,90
ppc_section_31.txt,"Pakistan Penal Code, 1860",31,"""A will"".",INTRODUCTION,10
ppc_section_32.txt,"Pakistan Penal Code, 1860",32,Words referring to acts include illegal omissions.,INTRODUCTION,32
ppc_section_33.txt,"Pakistan Penal Code, 1860",33,"""Act"", ""Omission"".",INTRODUCTION,30
ppc_section_34.txt,"Pakistan Penal Code, 1860",34,Acts done by several persons In furtherance of common intention.,INTRODUCTION,47
ppc_section_35.txt,"Pakistan Penal Code, 1860",35,Section 35,INTRODUCTION,78
ppc_section_36.txt,"Pakistan Penal Code, 1860",36,Effects caused partly by act and partly by omission:,INTRODUCTION,80
ppc_section_37.txt,"Pakistan Penal Code, 1860",37,Co-operation by doing one of several acts constituting an offence:,INTRODUCTION,314
ppc_section_38.txt,"Pakistan Penal Code, 1860",38,Persons concerned in criminal act may be guilty of different offences:,INTRODUCTION,109
ppc_section_39.txt,"Pakistan Penal Code, 1860",39,"""Voluntarily"":",INTRODUCTION,112
ppc_section_40.txt,"Pakistan Penal Code, 1860",40,"""Offence"":",INTRODUCTION,137
ppc_section_41.txt,"Pakistan Penal Code, 1860",41,"""Special law"":",INTRODUCTION,13
ppc_section_42.txt,"Pakistan Penal Code, 1860",42,"""Local Law"":",INTRODUCTION,20
ppc_section_43.txt,"Pakistan Penal Code, 1860",43,"""Illegal"", ""Legally bound to do"":",INTRODUCTION,49
ppc_section_44.txt,"Pakistan Penal Code, 1860",44,"""Injury"":",INTRODUCTION,18
ppc_section_45.txt,"Pakistan Penal Code, 1860",45,"""Life"":",INTRODUCTION,18
ppc_section_46.txt,"Pakistan Penal Code, 1860",46,"""Death"":",INTRODUCTION,18
ppc_section_47.txt,"Pakistan Penal Code, 1860",47,"""Animal"":",INTRODUCTION,13
ppc_section_48.txt,"Pakistan Penal Code, 1860",48,"""Vessel"":",INTRODUCTION,18
ppc_section_49.txt,"Pakistan Penal Code, 1860",49,"""Year"", ""Month"":",INTRODUCTION,32
ppc_section_50.txt,"Pakistan Penal Code, 1860",50,"""Section"":",INTRODUCTION,22
ppc_section_51.txt,"Pakistan Penal Code, 1860",51,"""Oath"":",INTRODUCTION,46
ppc_section_52.txt,"Pakistan Penal Code, 1860",52,"""Good faith"":",INTRODUCTION,23
ppc_section_53.txt,"Pakistan Penal Code, 1860",53,Punishments:,INTRODUCTION,53
ppc_section_54.txt,"Pakistan Penal Code, 1860",54,Commutation of sentence of death:,INTRODUCTION,96
ppc_section_55.txt,"Pakistan Penal Code, 1860",55,Commutation of sentence of imprisonment for life:,INTRODUCTION,163
ppc_section_57.txt,"Pakistan Penal Code, 1860",57,Fractions of terms of punishment:,INTRODUCTION,25
ppc_section_60.txt,"Pakistan Penal Code, 1860",60,Section 60,INTRODUCTION,76
ppc_section_63.txt,"Pakistan Penal Code, 1860",63,Amount of fine:,INTRODUCTION,31
ppc_section_64.txt,"Pakistan Penal Code, 1860",64,Sentence of imprisonment for non-payment of fine:,INTRODUCTION,122
ppc_section_65.txt,"Pakistan Penal Code, 1860",65,Section 65,INTRODUCTION,59
ppc_section_66.txt,"Pakistan Penal Code, 1860",66,Description of imprisonment for non-payment of fine:,INTRODUCTION,36
ppc_section_67.txt,"Pakistan Penal Code, 1860",67,Imprisonment for non-payment of fine when offence punishable with fine only:,INTRODUCTION,111
ppc_section_68.txt,"Pakistan Penal Code, 1860",68,Imprisonment to terminate on payment of fine:,INTRODUCTION,33
ppc_section_69.txt,"Pakistan Penal Code, 1860",69,Termination of imprisonment on payment of proportional part of fine:,INTRODUCTION,205
ppc_section_70.txt,"Pakistan Penal Code, 1860",70,Section 70,INTRODUCTION,93
ppc_section_71.txt,"Pakistan Penal Code, 1860",71,Limit of punishment of offence made up of several offences:,INTRODUCTION,257
ppc_section_72.txt,"Pakistan Penal Code, 1860",72,Section 72,INTRODUCTION,77
ppc_section_73.txt,"Pakistan Penal Code, 1860",73,Solitary confinement:,INTRODUCTION,122
ppc_section_74.txt,"Pakistan Penal Code, 1860",74,Limit of solitary confinement:,INTRODUCTION,79
ppc_section_75.txt,"Pakistan Penal Code, 1860",75,Section 75,INTRODUCTION,100
ppc_section_76.txt,"Pakistan Penal Code, 1860",76,Section 76,INTRODUCTION,120
ppc_section_77.txt,"Pakistan Penal Code, 1860",77,Act of Judge when acting judicially:,INTRODUCTION,41
ppc_section_78.txt,"Pakistan Penal Code, 1860",78,Act done pursuant to the judgment or order of Court:,INTRODUCTION,74
ppc_section_79.txt,"Pakistan Penal Code, 1860",79,Section 79,INTRODUCTION,132
ppc_section_80.txt,"Pakistan Penal Code, 1860",80,Accident in doing a lawful act:,INTRODUCTION,86
ppc_section_81.txt,"Pakistan Penal Code, 1860",81,Section 81,INTRODUCTION,348
ppc_section_82.txt,"Pakistan Penal Code, 1860",82,Section 82,INTRODUCTION,28
ppc_section_83.txt,"Pakistan Penal Code, 1860",83,Section 83,INTRODUCTION,60
ppc_section_84.txt,"Pakistan Penal Code, 1860",84,Act of a person of unsound mind:,INTRODUCTION,52
ppc_section_85.txt,"Pakistan Penal Code, 1860",85,Section 85,INTRODUCTION,76
ppc_section_86.txt,"Pakistan Penal Code, 1860",86,Section 86,INTRODUCTION,84
ppc_section_87.txt,"Pakistan Penal Code, 1860",87,Section 87,INTRODUCTION,166
ppc_section_88.txt,"Pakistan Penal Code, 1860",88,Section 88,INTRODUCTION,138
ppc_section_89.txt,"Pakistan Penal Code, 1860",89,Section 89,INTRODUCTION,285
ppc_section_90.txt,"Pakistan Penal Code, 1860",90,Consent known to be given under fear or misconception:,INTRODUCTION,130
ppc_section_91.txt,"Pakistan Penal Code, 1860",91,Exclusion of acts which are offences independently of harm caused:,INTRODUCTION,130
ppc_section_92.txt,"Pakistan Penal Code, 1860",92,Act done in good faith for benefit of a person without consent:,INTRODUCTION,451
ppc_section_93.txt,"Pakistan Penal Code, 1860",93,Communication made in good faith:,INTRODUCTION,77
ppc_section_94.txt,"Pakistan Penal Code, 1860",94,Act to which a person is compelled by threats:,INTRODUCTION,212
ppc_section_95.txt,"Pakistan Penal Code, 1860",95,Act causing slight harm:,INTRODUCTION,51
ppc_section_96.txt,"Pakistan Penal Code, 1860",96,Things done in private defence:,INTRODUCTION,21
ppc_section_97.txt,"Pakistan Penal Code, 1860",97,Right of private defence of the body and of property:,INTRODUCTION,88
ppc_section_98.txt,"Pakistan Penal Code, 1860",98,"Right of private defence against the act of a person of unsound mind, etc.:",INTRODUCTION,180
ppc_section_99.txt,"Pakistan Penal Code, 1860",99,Act against which there is no right of private defence:,INTRODUCTION,296
ppc_section_100.txt,"Pakistan Penal Code, 1860",100,When the right of private defence of the body extends to causing death:,INTRODUCTION,169
ppc_section_101.txt,"Pakistan Penal Code, 1860",101,When such right extends to causing any harm other than death:,INTRODUCTION,70
ppc_section_102.txt,"Pakistan Penal Code, 1860",102,Commencement and continuance of the right of private defence of the body:,INTRODUCTION,64
ppc_section_103.txt,"Pakistan Penal Code, 1860",103,When the right of private defence of property extends to causing death:,INTRODUCTION,139
ppc_section_104.txt,"Pakistan Penal Code, 1860",104,When such right extends to causing any harm other than death:,INTRODUCTION,86
ppc_section_105.txt,"Pakistan Penal Code, 1860",105,Commencement and continuance of the right of private defence of property:,INTRODUCTION,165
ppc_section_106.txt,"Pakistan Penal Code, 1860",106,Section 106,INTRODUCTION,126
ppc_section_107.txt,"Pakistan Penal Code, 1860",107,Abetment of a thing:,INTRODUCTION,219
ppc_section_108.txt,"Pakistan Penal Code, 1860",108,Abettor:,INTRODUCTION,748
ppc_section_109.txt,"Pakistan Penal Code, 1860",109,Section 109,INTRODUCTION,275
ppc_section_110.txt,"Pakistan Penal Code, 1860",110,Section 110,INTRODUCTION,72
ppc_section_111.txt,"Pakistan Penal Code, 1860",111,Liability of abettor when one act abetted and different act done:,INTRODUCTION,301
ppc_section_112.txt,"Pakistan Penal Code, 1860",112,Abettor when liable to cumulative punishment for act abetted and for act done:,INTRODUCTION,144
ppc_section_113.txt,"Pakistan Penal Code, 1860",113,Section 113,INTRODUCTION,156
ppc_section_114.txt,"Pakistan Penal Code, 1860",114,Abettor present when offence is committed:,INTRODUCTION,52
ppc_section_115.txt,"Pakistan Penal Code, 1860",115,Section 115,INTRODUCTION,218
ppc_section_116.txt,"Pakistan Penal Code, 1860",116,Section 116,INTRODUCTION,326
ppc_section_117.txt,"Pakistan Penal Code, 1860",117,Abetting commission of offence by the public or by more than ten persons:,INTRODUCTION,108
ppc_section_118.txt,"Pakistan Penal Code, 1860",118,Section 118,INTRODUCTION,193
ppc_section_119.txt,"Pakistan Penal Code, 1860",119,Section 119,INTRODUCTION,289
ppc_section_120.txt,"Pakistan Penal Code, 1860",120,Concealing design to commit offence punishable with imprisonment:,INTRODUCTION,124
ppc_section_121.txt,"Pakistan Penal Code, 1860",121,Waging or attempting to wage war or abetting waging of war against Pakistan:,INTRODUCTION,63
ppc_section_122.txt,"Pakistan Penal Code, 1860",122,"Collecting arms, etc., with intention of waging war against Pakistan:",INTRODUCTION,62
ppc_section_123.txt,"Pakistan Penal Code, 1860",123,Concealing with intent to facilitate design to wage war:,INTRODUCTION,75
ppc_section_124.txt,"Pakistan Penal Code, 1860",124,Section 124,INTRODUCTION,107
ppc_section_125.txt,"Pakistan Penal Code, 1860",125,Section 125,INTRODUCTION,81
ppc_section_126.txt,"Pakistan Penal Code, 1860",126,Committing depredation on territories of Power at peace with Pakistan:,INTRODUCTION,76
ppc_section_127.txt,"Pakistan Penal Code, 1860",127,Section 127,INTRODUCTION,69
ppc_section_128.txt,"Pakistan Penal Code, 1860",128,Public servant voluntarily allowing prisoner of State or war to escape:,INTRODUCTION,71
ppc_section_129.txt,"Pakistan Penal Code, 1860",129,Public servant negligently suffering such prisoner to escape:,INTRODUCTION,64
ppc_section_130.txt,"Pakistan Penal Code, 1860",130,"Aiding escape of, rescuing or harbouring such prisoner:",INTRODUCTION,135
ppc_section_131.txt,"Pakistan Penal Code, 1860",131,Section 131,INTRODUCTION,133
ppc_section_132.txt,"Pakistan Penal Code, 1860",132,"Abetment of mutiny, if mutiny is committed in consequence thereof:",INTRODUCTION,71
ppc_section_133.txt,"Pakistan Penal Code, 1860",133,Section 133,INTRODUCTION,73
ppc_section_134.txt,"Pakistan Penal Code, 1860",134,"Abetment of such assault, if the assault is committed:",INTRODUCTION,74
ppc_section_135.txt,"Pakistan Penal Code, 1860",135,"Abetment of desertion of soldier, sailor or airman:",INTRODUCTION,50
ppc_section_136.txt,"Pakistan Penal Code, 1860",136,Harbouring deserter:,INTRODUCTION,83
ppc_section_137.txt,"Pakistan Penal Code, 1860",137,Deserter concealed on board merchant vessel through negligence of master:,INTRODUCTION,91
ppc_section_138.txt,"Pakistan Penal Code, 1860",138,"Abetment of act of insubordination by soldier, sailor or airman:",INTRODUCTION,72
ppc_section_139.txt,"Pakistan Penal Code, 1860",139,Persons subject to certain Acts:,INTRODUCTION,51
ppc_section_140.txt,"Pakistan Penal Code, 1860",140,"Wearing garb or carrying token used by soldier, sailor or airman:",INTRODUCTION,100
ppc_section_141.txt,"Pakistan Penal Code, 1860",141,Unlawful assembly:,INTRODUCTION,201
ppc_section_142.txt,"Pakistan Penal Code, 1860",142,Being member of unlawful assembly:,INTRODUCTION,35
ppc_section_143.txt,"Pakistan Penal Code, 1860",143,Punishment:,INTRODUCTION,32
ppc_section_144.txt,"Pakistan Penal Code, 1860",144,Joining unlawful assembly armed with deadly weapon:,INTRODUCTION,58
ppc_section_145.txt,"Pakistan Penal Code, 1860",145,Section 145,INTRODUCTION,60
ppc_section_146.txt,"Pakistan Penal Code, 1860",146,Rioting:,INTRODUCTION,37
ppc_section_147.txt,"Pakistan Penal Code, 1860",147,Punishment for rioting:,INTRODUCTION,31
ppc_section_148.txt,"Pakistan Penal Code, 1860",148,"Rioting, armed with deadly weapon:",INTRODUCTION,54
ppc_section_149.txt,"Pakistan Penal Code, 1860",149,Section 149,INTRODUCTION,79
ppc_section_150.txt,"Pakistan Penal Code, 1860",150,"Hiring, or conniving at hiring, of persons to join unlawful assembly:",INTRODUCTION,98
ppc_section_151.txt,"Pakistan Penal Code, 1860",151,Section 151,INTRODUCTION,93
ppc_section_152.txt,"Pakistan Penal Code, 1860",152,".Assaulting to obstructing public servant when suppressing riot, etc.:",INTRODUCTION,85
ppc_section_153.txt,"Pakistan Penal Code, 1860",153,Section 153,INTRODUCTION,112
ppc_section_154.txt,"Pakistan Penal Code, 1860",154,Owner or occupier of land on which an unlawful assembly is held:,INTRODUCTION,172
ppc_section_155.txt,"Pakistan Penal Code, 1860",155,Liability of person for whose benefit riot is committed:,INTRODUCTION,139
ppc_section_156.txt,"Pakistan Penal Code, 1860",156,Liability of agent of owner or occupier for whose benefit riot is committed:,INTRODUCTION,143
ppc_section_157.txt,"Pakistan Penal Code, 1860",157,Harbouring persons hired for an unlawful assembly:,INTRODUCTION,79
ppc_section_158.txt,"Pakistan Penal Code, 1860",158,Being hired to take part in an unlawful assembly or riot:,INTRODUCTION,124
ppc_section_159.txt,"Pakistan Penal Code, 1860",159,Affray:,INTRODUCTION,23
ppc_section_160.txt,"Pakistan Penal Code, 1860",160,Punishment for committing affray:,INTRODUCTION,41
ppc_section_161.txt,"Pakistan Penal Code, 1860",161,Section 161,INTRODUCTION,521
ppc_section_162.txt,"Pakistan Penal Code, 1860",162,Section 162,INTRODUCTION,136
ppc_section_163.txt,"Pakistan Penal Code, 1860",163,"Taking gratification, for exercise of personal influence with public servant:",INTRODUCTION,207
ppc_section_164.txt,"Pakistan Penal Code, 1860",164,Section 164,INTRODUCTION,131
ppc_section_165.txt,"Pakistan Penal Code, 1860",165,Section 165,INTRODUCTION,317
ppc_section_166.txt,"Pakistan Penal Code, 1860",166,"Public servant disobeying law, with intent to cause injury to any person:",INTRODUCTION,205
ppc_section_167.txt,"Pakistan Penal Code, 1860",167,Public servant framing an incorrect document with intent to cause injury:,INTRODUCTION,89
ppc_section_168.txt,"Pakistan Penal Code, 1860",168,Public servant unlawfully engaging in trade:,INTRODUCTION,48
ppc_section_169.txt,"Pakistan Penal Code, 1860",169,Public servant unlawfully buying or bidding for property:,INTRODUCTION,82
ppc_section_170.txt,"Pakistan Penal Code, 1860",170,Personating a public servant:,INTRODUCTION,72
ppc_section_171.txt,"Pakistan Penal Code, 1860",171,Wearing garb or carrying token used by public servant with fraudulent intent:,INTRODUCTION,100
ppc_section_172.txt,"Pakistan Penal Code, 1860",172,Absconding to avoid service of summons or other proceeding:,INTRODUCTION,128
ppc_section_173.txt,"Pakistan Penal Code, 1860",173,Section 173,INTRODUCTION,199
ppc_section_174.txt,"Pakistan Penal Code, 1860",174,Non-attendance in obedience to an order from public servant:,INTRODUCTION,268
ppc_section_175.txt,"Pakistan Penal Code, 1860",175,Section 175,INTRODUCTION,145
ppc_section_176.txt,"Pakistan Penal Code, 1860",176,Section 176,INTRODUCTION,216
ppc_section_177.txt,"Pakistan Penal Code, 1860",177,Furnishing false information:,INTRODUCTION,365
ppc_section_178.txt,"Pakistan Penal Code, 1860",178,Refusing oath or affirmation when duly required by public servant to make it:,INTRODUCTION,78
ppc_section_179.txt,"Pakistan Penal Code, 1860",179,Refusing to answer public servant authorised to question:,INTRODUCTION,80
ppc_section_180.txt,"Pakistan Penal Code, 1860",180,Refusing to sign statement:,INTRODUCTION,63
ppc_section_181.txt,"Pakistan Penal Code, 1860",181,Section 181,INTRODUCTION,109
ppc_section_182.txt,"Pakistan Penal Code, 1860",182,Section 182,INTRODUCTION,376
ppc_section_183.txt,"Pakistan Penal Code, 1860",183,Resistance to the taking of property by the lawful authority of a public servant:,INTRODUCTION,77
ppc_section_184.txt,"Pakistan Penal Code, 1860",184,Obstructing sale of property offered for sale by authority of public servant:,INTRODUCTION,67
ppc_section_185.txt,"Pakistan Penal Code, 1860",185,Section 185,INTRODUCTION,115
ppc_section_186.txt,"Pakistan Penal Code, 1860",186,Obstructing public servant in discharge of public functions:,INTRODUCTION,117
ppc_section_187.txt,"Pakistan Penal Code, 1860",187,Omission to assist public servant when bound by law to give assistance:,INTRODUCTION,168
ppc_section_188.txt,"Pakistan Penal Code, 1860",188,Disobedience to order duly promulgated by public servant:,INTRODUCTION,258
ppc_section_189.txt,"Pakistan Penal Code, 1860",189,Threat of injury to public servant:,INTRODUCTION,87
ppc_section_190.txt,"Pakistan Penal Code, 1860",190,Section 190,INTRODUCTION,89
ppc_section_191.txt,"Pakistan Penal Code, 1860",191,Giving false evidence:,INTRODUCTION,389
ppc_section_192.txt,"Pakistan Penal Code, 1860",192,Fabricating false evidence:,INTRODUCTION,235
ppc_section_193.txt,"Pakistan Penal Code, 1860",193,Punishment for false evidence:,INTRODUCTION,232
ppc_section_194.txt,"Pakistan Penal Code, 1860",194,Section 194,INTRODUCTION,123
ppc_section_195.txt,"Pakistan Penal Code, 1860",195,Section 195,INTRODUCTION,160
ppc_section_196.txt,"Pakistan Penal Code, 1860",196,Using evidence known to be false:,INTRODUCTION,43
ppc_section_197.txt,"Pakistan Penal Code, 1860",197,Issuing or signing false certificate:,INTRODUCTION,59
ppc_section_198.txt,"Pakistan Penal Code, 1860",198,Using as true a certificate known to be false:,INTRODUCTION,46
ppc_section_199.txt,"Pakistan Penal Code, 1860",199,False statement made in declaration which is by law receivable as evidence:,INTRODUCTION,97
ppc_section_200.txt,"Pakistan Penal Code, 1860",200,Using as true such declaration knowing it to be false:,INTRODUCTION,69
ppc_section_201.txt,"Pakistan Penal Code, 1860",201,Section 201,INTRODUCTION,257
ppc_section_202.txt,"Pakistan Penal Code, 1860",202,Intentional omission to give information of offence by person bound to inform:,INTRODUCTION,64
ppc_section_203.txt,"Pakistan Penal Code, 1860",203,Giving false information respecting an offence committed:,INTRODUCTION,115
ppc_section_204.txt,"Pakistan Penal Code, 1860",204,Destruction of document to prevent its production as evidence:,INTRODUCTION,117
ppc_section_205.txt,"Pakistan Penal Code, 1860",205,False personation for purpose of act or proceeding in suit or prosecution:,INTRODUCTION,75
ppc_section_206.txt,"Pakistan Penal Code, 1860",206,Section 206,INTRODUCTION,135
ppc_section_207.txt,"Pakistan Penal Code, 1860",207,Fraudulent claim to property to prevent its seizure as forfeited or in execution:,INTRODUCTION,157
ppc_section_208.txt,"Pakistan Penal Code, 1860",208,Fraudulently suffering decree for sum not due:,INTRODUCTION,195
ppc_section_209.txt,"Pakistan Penal Code, 1860",209,Dishonestly making false claim in Court:,INTRODUCTION,55
ppc_section_210.txt,"Pakistan Penal Code, 1860",210,Fraudulently obtaining decree for sum not due:,INTRODUCTION,110
ppc_section_211.txt,"Pakistan Penal Code, 1860",211,False charge of offence made with intent to injure:,INTRODUCTION,131
ppc_section_212.txt,"Pakistan Penal Code, 1860",212,Harbouring offender:,INTRODUCTION,327
ppc_section_213.txt,"Pakistan Penal Code, 1860",213,"Taking gift, etc., to screen an offender from punishment:",INTRODUCTION,210
ppc_section_214.txt,"Pakistan Penal Code, 1860",214,Offering gift or restoration of property in consideration of screening offender:,INTRODUCTION,241
ppc_section_215.txt,"Pakistan Penal Code, 1860",215,"Taking gift to help to recover property, etc.:",INTRODUCTION,89
ppc_section_216.txt,"Pakistan Penal Code, 1860",216,Section 216,INTRODUCTION,368
ppc_section_217.txt,"Pakistan Penal Code, 1860",217,Section 217,INTRODUCTION,129
ppc_section_218.txt,"Pakistan Penal Code, 1860",218,Section 218,INTRODUCTION,150
ppc_section_219.txt,"Pakistan Penal Code, 1860",219,Section 219,INTRODUCTION,67
ppc_section_220.txt,"Pakistan Penal Code, 1860",220,Section 220,INTRODUCTION,98
ppc_section_221.txt,"Pakistan Penal Code, 1860",221,Section 221,INTRODUCTION,233
ppc_section_222.txt,"Pakistan Penal Code, 1860",222,Section 222,INTRODUCTION,256
ppc_section_223.txt,"Pakistan Penal Code, 1860",223,Escape from confinement or custody negligently suffered by public servant:,INTRODUCTION,68
ppc_section_224.txt,"Pakistan Penal Code, 1860",224,Resistance or obstruction by a person to his lawful apprehension:,INTRODUCTION,120
ppc_section_225.txt,"Pakistan Penal Code, 1860",225,Resistance or obstruction to lawful apprehension of another person:,INTRODUCTION,309
ppc_section_227.txt,"Pakistan Penal Code, 1860",227,Violation of condition of remission of punishment:,INTRODUCTION,69
ppc_section_228.txt,"Pakistan Penal Code, 1860",228,Intentional insult or interruption to public servant sitting in judicial proceeding:,INTRODUCTION,68
ppc_section_229.txt,"Pakistan Penal Code, 1860",229,Personation of a Juror or assessor:,INTRODUCTION,97
ppc_section_230.txt,"Pakistan Penal Code, 1860",230,"""Coin"" defined:",INTRODUCTION,124
ppc_section_231.txt,"Pakistan Penal Code, 1860",231,Counterfeiting coin:,INTRODUCTION,72
ppc_section_232.txt,"Pakistan Penal Code, 1860",232,Counterfeiting Pakistan coin:,INTRODUCTION,46
ppc_section_233.txt,"Pakistan Penal Code, 1860",233,Making or selling instrument for counterfeiting coin:,INTRODUCTION,82
ppc_section_234.txt,"Pakistan Penal Code, 1860",234,Making or selling instrument for counterfeiting Pakistan coin:,INTRODUCTION,84
ppc_section_235.txt,"Pakistan Penal Code, 1860",235,Section 235,INTRODUCTION,113
ppc_section_236.txt,"Pakistan Penal Code, 1860",236,Abetting in Pakistan the counterfeiting out of Pakistan of coin:,INTRODUCTION,93
ppc_section_238.txt,"Pakistan Penal Code, 1860",238,Import or export of counterfeits of Pakistan coin:,INTRODUCTION,62
ppc_section_239.txt,"Pakistan Penal Code, 1860",239,"Delivery of coin, possessed with knowledge that it is counterfeit:",INTRODUCTION,78
ppc_section_240.txt,"Pakistan Penal Code, 1860",240,Delivery of Pakistan coin possessed with knowledge that it is counterfeit:,INTRODUCTION,91
ppc_section_241.txt,"Pakistan Penal Code, 1860",241,Section 241,INTRODUCTION,199
ppc_section_242.txt,"Pakistan Penal Code, 1860",242,Section 242,INTRODUCTION,72
ppc_section_243.txt,"Pakistan Penal Code, 1860",243,Section 243,INTRODUCTION,79
ppc_section_244.txt,"Pakistan Penal Code, 1860",244,Section 244,INTRODUCTION,91
ppc_section_245.txt,"Pakistan Penal Code, 1860",245,Unlawfully taking coining instrument from mint:,INTRODUCTION,48
ppc_section_246.txt,"Pakistan Penal Code, 1860",246,Fraudulently or dishonestly diminishing weight or altering composition of coin:,INTRODUCTION,78
ppc_section_247.txt,"Pakistan Penal Code, 1860",247,Section 247,INTRODUCTION,57
ppc_section_248.txt,"Pakistan Penal Code, 1860",248,Section 248,INTRODUCTION,66
ppc_section_249.txt,"Pakistan Penal Code, 1860",249,Section 249,INTRODUCTION,71
ppc_section_250.txt,"Pakistan Penal Code, 1860",250,"Delivery of coin, possessed with knowledge that it is altered:",INTRODUCTION,105
ppc_section_251.txt,"Pakistan Penal Code, 1860",251,Delivery of Pakistan coin possessed with knowledge that it is altered:,INTRODUCTION,106
ppc_section_252.txt,"Pakistan Penal Code, 1860",252,Section 252,INTRODUCTION,93
ppc_section_253.txt,"Pakistan Penal Code, 1860",253,Section 253,INTRODUCTION,93
ppc_section_254.txt,"Pakistan Penal Code, 1860",254,Section 254,INTRODUCTION,152
ppc_section_255.txt,"Pakistan Penal Code, 1860",255,Counterfeiting Government stamp:,INTRODUCTION,80
ppc_section_256.txt,"Pakistan Penal Code, 1860",256,Section 256,INTRODUCTION,78
ppc_section_257.txt,"Pakistan Penal Code, 1860",257,Making or selling instrument for counterfeiting Government stamp:,INTRODUCTION,87
ppc_section_258.txt,"Pakistan Penal Code, 1860",258,Sale of counterfeit Government stamp:,INTRODUCTION,60
ppc_section_259.txt,"Pakistan Penal Code, 1860",259,Having possession of counterfeit Government stamp:,INTRODUCTION,79
ppc_section_260.txt,"Pakistan Penal Code, 1860",260,Using as genuine a Government stamp known to be counterfeit:,INTRODUCTION,55
ppc_section_261.txt,"Pakistan Penal Code, 1860",261,Section 261,INTRODUCTION,116
ppc_section_262.txt,"Pakistan Penal Code, 1860",262,Using Government stamp known to have been before used:,INTRODUCTION,65
ppc_section_263.txt,"Pakistan Penal Code, 1860",263,Erasure of mark denoting that has been used:,INTRODUCTION,112
ppc_section_264.txt,"Pakistan Penal Code, 1860",264,Fraudulent use of false instrument for weighing:,INTRODUCTION,43
ppc_section_265.txt,"Pakistan Penal Code, 1860",265,Fraudulent use of false weight or measure:,INTRODUCTION,65
ppc_section_266.txt,"Pakistan Penal Code, 1860",266,Being in possession of false weight or measure:,INTRODUCTION,67
ppc_section_267.txt,"Pakistan Penal Code, 1860",267,Making or selling false weight or measure:,INTRODUCTION,78
ppc_section_268.txt,"Pakistan Penal Code, 1860",268,Public nuisance:,INTRODUCTION,83
ppc_section_269.txt,"Pakistan Penal Code, 1860",269,Negligent act likely to spread infection of disease dangerous to life:,INTRODUCTION,65
ppc_section_270.txt,"Pakistan Penal Code, 1860",270,Malignant act likely to spread infection of disease dangerous to life:,INTRODUCTION,63
ppc_section_271.txt,"Pakistan Penal Code, 1860",271,Disobedience to quarantine rule:,INTRODUCTION,85
ppc_section_272.txt,"Pakistan Penal Code, 1860",272,Adulteration of food or drink intended for sale:,INTRODUCTION,85
ppc_section_273.txt,"Pakistan Penal Code, 1860",273,Sale of noxious food or drink:,INTRODUCTION,86
ppc_section_274.txt,"Pakistan Penal Code, 1860",274,Adulteration of drugs:,INTRODUCTION,100
ppc_section_275.txt,"Pakistan Penal Code, 1860",275,Sale of adulterated drugs:,INTRODUCTION,104
ppc_section_276.txt,"Pakistan Penal Code, 1860",276,Sale of drug as a different drug or preparation:,INTRODUCTION,71
ppc_section_277.txt,"Pakistan Penal Code, 1860",277,Fouling water of public spring or reservoir:,INTRODUCTION,71
ppc_section_278.txt,"Pakistan Penal Code, 1860",278,Making atmosphere noxious to health:,INTRODUCTION,57
ppc_section_279.txt,"Pakistan Penal Code, 1860",279,Rash driving or riding on a public way:,INTRODUCTION,78
ppc_section_280.txt,"Pakistan Penal Code, 1860",280,Rash navigation of vessel:,INTRODUCTION,65
ppc_section_281.txt,"Pakistan Penal Code, 1860",281,"Exhibition of false light, mark or buoy:",INTRODUCTION,52
ppc_section_282.txt,"Pakistan Penal Code, 1860",282,Conveying person by water for hire in unsafe or overloaded vessel:,INTRODUCTION,82
ppc_section_283.txt,"Pakistan Penal Code, 1860",283,Danger or obstruction in public way or line of navigation:,INTRODUCTION,63
ppc_section_284.txt,"Pakistan Penal Code, 1860",284,Negligent conduct with respect to poisonous substance:,INTRODUCTION,104
ppc_section_285.txt,"Pakistan Penal Code, 1860",285,Negligent conduct with respect to fire or combustible matter:,INTRODUCTION,111
ppc_section_286.txt,"Pakistan Penal Code, 1860",286,Negligent conduct with respect to explosive substance:,INTRODUCTION,101
ppc_section_287.txt,"Pakistan Penal Code, 1860",287,Negligent conduct with respect to machinery:,INTRODUCTION,102
ppc_section_288.txt,"Pakistan Penal Code, 1860",288,Negligent conduct with respect to pulling down or repairing buildings:,INTRODUCTION,85
ppc_section_289.txt,"Pakistan Penal Code, 1860",289,Negligent conduct with respect to animal:,INTRODUCTION,76
ppc_section_290.txt,"Pakistan Penal Code, 1860",290,Punishment for public nuisance in cases not otherwise provided for:,INTRODUCTION,39
ppc_section_291.txt,"Pakistan Penal Code, 1860",291,Continuance of nuisance after injunction to discontinue:,INTRODUCTION,57
ppc_section_292.txt,"Pakistan Penal Code, 1860",292,"Sale, etc., of obscene books, etc.:",INTRODUCTION,287
ppc_section_292A.txt,"Pakistan Penal Code, 1860",292A,Exposure to seduction.,INTRODUCTION,94
ppc_section_293.txt,"Pakistan Penal Code, 1860",293,"Sale, etc., of obscene objects to young person.",INTRODUCTION,69
ppc_section_294.txt,"Pakistan Penal Code, 1860",294,Obscene acts and songs:,INTRODUCTION,61
ppc_section_295.txt,"Pakistan Penal Code, 1860",295,Section 295,INTRODUCTION,94
ppc_section_296.txt,"Pakistan Penal Code, 1860",296,Disturbing religious assembly:,INTRODUCTION,44
ppc_section_297.txt,"Pakistan Penal Code, 1860",297,"Trespassing on burial places, etc.:",INTRODUCTION,131
ppc_section_298.txt,"Pakistan Penal Code, 1860",298,"Uttering words, etc., with deliberate intent to wound religious feelings.",INTRODUCTION,99
ppc_section_299.txt,"Pakistan Penal Code, 1860",299,Definitions:,INTRODUCTION,360
ppc_section_300.txt,"Pakistan Penal Code, 1860",300,Qatl-e-Amd:,INTRODUCTION,64
ppc_section_301.txt,"Pakistan Penal Code, 1860",301,Causing death of person other than the person whose death was intended:,INTRODUCTION,59
ppc_section_302.txt,"Pakistan Penal Code, 1860",302,Punishment of qatl-i-amd:,INTRODUCTION,121
ppc_section_303.txt,"Pakistan Penal Code, 1860",303,Qatl committed under ikrah-i-tam or ikrah-i-naqis:,INTRODUCTION,87
ppc_section_304.txt,"Pakistan Penal Code, 1860",304,"Proof of qatl-i-amd liable to qisas, etc.:",INTRODUCTION,79
ppc_section_305.txt,"Pakistan Penal Code, 1860",305,Wali:,INTRODUCTION,56
ppc_section_306.txt,"Pakistan Penal Code, 1860",306,Qatl-e-amd not liable to qisas:,INTRODUCTION,94
ppc_section_307.txt,"Pakistan Penal Code, 1860",307,Cases in which Qisas for qatl-i-amd shall not be enforced:,INTRODUCTION,293
ppc_section_308.txt,"Pakistan Penal Code, 1860",308,"Punishment in qatl-i-amd not liable to qisas, etc.:",INTRODUCTION,243
ppc_section_309.txt,"Pakistan Penal Code, 1860",309,Waiver (Afw) of qisas in qatl-i-amd:,INTRODUCTION,191
ppc_section_310.txt,"Pakistan Penal Code, 1860",310,Compounding of qisas (Sulh) in qatl-i-amd:,INTRODUCTION,263
ppc_section_310A.txt,"Pakistan Penal Code, 1860",310A,"Punishment for giving a female in marriage or otherwise in badal-i-sulh, wanni or swara:",INTRODUCTION,91
ppc_section_311.txt,"Pakistan Penal Code, 1860",311,Ta'zir after waiver or compounding of right of qisas in qatl-i-amd:,INTRODUCTION,108
ppc_section_312.txt,"Pakistan Penal Code, 1860",312,Qatl-i-amd after waiver or compounding of qisas:,INTRODUCTION,77
ppc_section_313.txt,"Pakistan Penal Code, 1860",313,Right of qisas in qatl-i-amd:,INTRODUCTION,134
ppc_section_314.txt,"Pakistan Penal Code, 1860",314,Execution of qisas in qatl-i-amd:,INTRODUCTION,201
ppc_section_315.txt,"Pakistan Penal Code, 1860",315,Qatl shibh-i-amd:,INTRODUCTION,95
ppc_section_316.txt,"Pakistan Penal Code, 1860",316,Punishment for Qatl shibh-i-amd:,INTRODUCTION,37
ppc_section_317.txt,"Pakistan Penal Code, 1860",317,Person committing qatl debarred from succession:,INTRODUCTION,41
ppc_section_318.txt,"Pakistan Penal Code, 1860",318,Qatl-i-khata:,INTRODUCTION,82
ppc_section_319.txt,"Pakistan Penal Code, 1860",319,Punishment for qatl-i-khata:,INTRODUCTION,55
ppc_section_320.txt,"Pakistan Penal Code, 1860",320,Punishment for qatl-i-khata by rash or negligent driving:,INTRODUCTION,46
ppc_section_321.txt,"Pakistan Penal Code, 1860",321,Qatl-bis-sabab:,INTRODUCTION,70
ppc_section_322.txt,"Pakistan Penal Code, 1860",322,Punishment for qatl-bis-sabab:,INTRODUCTION,12
ppc_section_323.txt,"Pakistan Penal Code, 1860",323,Value of diyat:,INTRODUCTION,110
ppc_section_324.txt,"Pakistan Penal Code, 1860",324,Attempt to commit qatl-i-amd:,INTRODUCTION,154
ppc_section_326.txt,"Pakistan Penal Code, 1860",326,Thug:,INTRODUCTION,30
ppc_section_327.txt,"Pakistan Penal Code, 1860",327,Punishment:,INTRODUCTION,19
ppc_section_328.txt,"Pakistan Penal Code, 1860",328,Section 328,INTRODUCTION,111
ppc_section_328A.txt,"Pakistan Penal Code, 1860",328A,Cruelty to a child.,INTRODUCTION,85
ppc_section_329.txt,"Pakistan Penal Code, 1860",329,Concealment of birth by secret disposal of dead body:,INTRODUCTION,65
ppc_section_330.txt,"Pakistan Penal Code, 1860",330,Disbursement of diyat:,INTRODUCTION,41
ppc_section_331.txt,"Pakistan Penal Code, 1860",331,Payment of Diyat:,INTRODUCTION,117
ppc_section_333.txt,"Pakistan Penal Code, 1860",333,Itlaf-i-udw:,INTRODUCTION,20
ppc_section_334.txt,"Pakistan Penal Code, 1860",334,Punishment for Itlaf-udw:,INTRODUCTION,99
ppc_section_335.txt,"Pakistan Penal Code, 1860",335,Itlaf-i-salahiyyat-i-udw:,INTRODUCTION,29
ppc_section_336.txt,"Pakistan Penal Code, 1860",336,Punishment for itlaf-i-salahiyyat-i-udw:,INTRODUCTION,97
ppc_section_336A.txt,"Pakistan Penal Code, 1860",336A,Hurt caused by corrosive substance:,INTRODUCTION,113
ppc_section_336B.txt,"Pakistan Penal Code, 1860",336B,Punishment for hurt by corrosive substance:,INTRODUCTION,40
ppc_section_337.txt,"Pakistan Penal Code, 1860",337,Shajjah:,INTRODUCTION,167
ppc_section_338.txt,"Pakistan Penal Code, 1860",338,Isqat-i-Hamal:,INTRODUCTION,59
ppc_section_339.txt,"Pakistan Penal Code, 1860",339,Wrongful restraint:,INTRODUCTION,109
ppc_section_340.txt,"Pakistan Penal Code, 1860",340,Wrongful confinement:,INTRODUCTION,95
ppc_section_341.txt,"Pakistan Penal Code, 1860",341,Punishment for wrongful restraint:,INTRODUCTION,41
ppc_section_342.txt,"Pakistan Penal Code, 1860",342,Punishment for wrongful confinement:,INTRODUCTION,41
ppc_section_343.txt,"Pakistan Penal Code, 1860",343,Wrongful confinement for three or more days:,INTRODUCTION,40
ppc_section_344.txt,"Pakistan Penal Code, 1860",344,Wrongful confinement for ten or more days:,INTRODUCTION,41
ppc_section_345.txt,"Pakistan Penal Code, 1860",345,Wrongful confinement of person for whose liberation writ has been issued:,INTRODUCTION,69
ppc_section_346.txt,"Pakistan Penal Code, 1860",346,Wrongful confinement in secret:,INTRODUCTION,98
ppc_section_347.txt,"Pakistan Penal Code, 1860",347,Wrongful confinement to extort property or constrain to illegal act:,INTRODUCTION,92
ppc_section_348.txt,"Pakistan Penal Code, 1860",348,Wrongful confinement to extort confession or compel restoration of property:,INTRODUCTION,125
ppc_section_349.txt,"Pakistan Penal Code, 1860",349,Force:,INTRODUCTION,168
ppc_section_350.txt,"Pakistan Penal Code, 1860",350,Criminal force:,INTRODUCTION,669
ppc_section_351.txt,"Pakistan Penal Code, 1860",351,Assault:,INTRODUCTION,223
ppc_section_352.txt,"Pakistan Penal Code, 1860",352,Punishment for assault or criminal force otherwise than on grave provocation:,INTRODUCTION,164
ppc_section_353.txt,"Pakistan Penal Code, 1860",353,Assault or criminal force to deter public servant from discharge of his duty:,INTRODUCTION,101
ppc_section_354.txt,"Pakistan Penal Code, 1860",354,Assault or criminal force to woman with intent to outrage her modesty:,INTRODUCTION,60
ppc_section_355.txt,"Pakistan Penal Code, 1860",355,Section 355,INTRODUCTION,63
ppc_section_356.txt,"Pakistan Penal Code, 1860",356,Section 356,INTRODUCTION,63
ppc_section_357.txt,"Pakistan Penal Code, 1860",357,Assault or criminal force in attempting wrongfully to confine person:,INTRODUCTION,59
ppc_section_358.txt,"Pakistan Penal Code, 1860",358,Assault or criminal force on grave provocation:,INTRODUCTION,69
ppc_section_359.txt,"Pakistan Penal Code, 1860",359,Kidnapping:,INTRODUCTION,14
ppc_section_360.txt,"Pakistan Penal Code, 1860",360,"Kidnapping from Pakistan, etc.:",INTRODUCTION,40
ppc_section_361.txt,"Pakistan Penal Code, 1860",361,Kidnapping from lawful guardianship:,INTRODUCTION,144
ppc_section_362.txt,"Pakistan Penal Code, 1860",362,Abduction:,INTRODUCTION,24
ppc_section_363.txt,"Pakistan Penal Code, 1860",363,Punishment for kidnapping:,INTRODUCTION,37
ppc_section_364.txt,"Pakistan Penal Code, 1860",364,Kidnapping or abducting in order to murder:,INTRODUCTION,120
ppc_section_365.txt,"Pakistan Penal Code, 1860",365,Kidnapping or abducting with intent secretly and wrongfully to confine person:,INTRODUCTION,53
ppc_section_365B.txt,"Pakistan Penal Code, 1860",365B,Section 365B,INTRODUCTION,146
ppc_section_367.txt,"Pakistan Penal Code, 1860",367,Section 367,INTRODUCTION,87
ppc_section_368.txt,"Pakistan Penal Code, 1860",368,Section 368,INTRODUCTION,69
ppc_section_369.txt,"Pakistan Penal Code, 1860",369,Section 369,INTRODUCTION,65
ppc_section_370.txt,"Pakistan Penal Code, 1860",370,Buying or disposing of any person as a slave:,INTRODUCTION,60
ppc_section_371.txt,"Pakistan Penal Code, 1860",371,Habitual dealing in slaves:,INTRODUCTION,42
ppc_section_371B.txt,"Pakistan Penal Code, 1860",371B,Section 371B,INTRODUCTION,136
ppc_section_374.txt,"Pakistan Penal Code, 1860",374,Unlawful compulsory labour:,INTRODUCTION,151
ppc_section_375A.txt,"Pakistan Penal Code, 1860",375A,Gang rape.,INTRODUCTION,58
ppc_section_376.txt,"Pakistan Penal Code, 1860",376,Section 376,INTRODUCTION,188
ppc_section_376A.txt,"Pakistan Penal Code, 1860",376A,"Disclosure of identity of victim of rape, etc.",INTRODUCTION,193
ppc_section_377.txt,"Pakistan Penal Code, 1860",377,Unnatural offences:,INTRODUCTION,71
ppc_section_377A.txt,"Pakistan Penal Code, 1860",377A,Sexual abuse.,INTRODUCTION,71
ppc_section_377B.txt,"Pakistan Penal Code, 1860",377B,Punishment.,INTRODUCTION,48
ppc_section_378.txt,"Pakistan Penal Code, 1860",378,Theft:,INTRODUCTION,983
ppc_section_379.txt,"Pakistan Penal Code, 1860",379,Punishment for theft:,INTRODUCTION,29
ppc_section_380.txt,"Pakistan Penal Code, 1860",380,"Theft in dwelling house, etc.:",INTRODUCTION,56
ppc_section_381.txt,"Pakistan Penal Code, 1860",381,Theft by clerk or servant or property in possession of master:,INTRODUCTION,66
ppc_section_382.txt,"Pakistan Penal Code, 1860",382,Section 382,INTRODUCTION,193
ppc_section_383.txt,"Pakistan Penal Code, 1860",383,Extortion:,INTRODUCTION,221
ppc_section_384.txt,"Pakistan Penal Code, 1860",384,Punishment for extortion:,INTRODUCTION,29
ppc_section_385.txt,"Pakistan Penal Code, 1860",385,Putting person in fear of injury in order to commit extortion:,INTRODUCTION,58
ppc_section_386.txt,"Pakistan Penal Code, 1860",386,Extortion by putting a person in fear of death or grievous hurt:,INTRODUCTION,57
ppc_section_387.txt,"Pakistan Penal Code, 1860",387,Section 387,INTRODUCTION,69
ppc_section_388.txt,"Pakistan Penal Code, 1860",388,Section 388,INTRODUCTION,119
ppc_section_389.txt,"Pakistan Penal Code, 1860",389,"Putting person in fear of accusation of offence, in order to commit extortion:",INTRODUCTION,112
ppc_section_390.txt,"Pakistan Penal Code, 1860",390,Robbery:,INTRODUCTION,407
ppc_section_391.txt,"Pakistan Penal Code, 1860",391,Dacoity:,INTRODUCTION,55
ppc_section_392.txt,"Pakistan Penal Code, 1860",392,Punishment for robbery:,INTRODUCTION,57
ppc_section_393.txt,"Pakistan Penal Code, 1860",393,Attempt to commit robbery:,INTRODUCTION,30
ppc_section_394.txt,"Pakistan Penal Code, 1860",394,Voluntarily causing hurt in committing robbery:,INTRODUCTION,72
ppc_section_395.txt,"Pakistan Penal Code, 1860",395,Punishment for dacoity:,INTRODUCTION,40
ppc_section_396.txt,"Pakistan Penal Code, 1860",396,Dacoity with murder:,INTRODUCTION,63
ppc_section_397.txt,"Pakistan Penal Code, 1860",397,"Robbery or dacoity, with attempt to cause death or grievous hurt:",INTRODUCTION,60
ppc_section_398.txt,"Pakistan Penal Code, 1860",398,Attempt to commit robbery or dacoity when armed with deadly weapon:,INTRODUCTION,46
ppc_section_399.txt,"Pakistan Penal Code, 1860",399,Making preparation to commit dacoity:,INTRODUCTION,34
ppc_section_400.txt,"Pakistan Penal Code, 1860",400,Punishment for belonging to gang of dacoits:,INTRODUCTION,59
ppc_section_401.txt,"Pakistan Penal Code, 1860",401,Punishment for belonging to gang of thieves:,INTRODUCTION,66
ppc_section_402.txt,"Pakistan Penal Code, 1860",402,Assembling for purpose of committing dacoity:,INTRODUCTION,53
ppc_section_403.txt,"Pakistan Penal Code, 1860",403,Dishonest misappropriation of property:,INTRODUCTION,667
ppc_section_404.txt,"Pakistan Penal Code, 1860",404,Section 404,INTRODUCTION,148
ppc_section_405.txt,"Pakistan Penal Code, 1860",405,Criminal breach of trust:,INTRODUCTION,414
ppc_section_406.txt,"Pakistan Penal Code, 1860",406,Punishment for criminal breach of trust:,INTRODUCTION,37
ppc_section_407.txt,"Pakistan Penal Code, 1860",407,"Criminal breach of trust by carrier, etc.:",INTRODUCTION,52
ppc_section_408.txt,"Pakistan Penal Code, 1860",408,Criminal breach of trust by clerk or servant:,INTRODUCTION,72
ppc_section_409.txt,"Pakistan Penal Code, 1860",409,"Criminal breach of trust by public servant, or by banker, merchant or agent:",INTRODUCTION,89
ppc_section_410.txt,"Pakistan Penal Code, 1860",410,Stolen property:,INTRODUCTION,86
ppc_section_411.txt,"Pakistan Penal Code, 1860",411,Dishonestly receiving stolen property:,INTRODUCTION,47
ppc_section_412.txt,"Pakistan Penal Code, 1860",412,Dishonestly receiving stolen property in the commission of a dacoity:,INTRODUCTION,101
ppc_section_413.txt,"Pakistan Penal Code, 1860",413,Habitually dealing in stolen property:,INTRODUCTION,53
ppc_section_414.txt,"Pakistan Penal Code, 1860",414,Assisting in concealment of stolen property:,INTRODUCTION,53
ppc_section_415.txt,"Pakistan Penal Code, 1860",415,Cheating:,INTRODUCTION,511
ppc_section_416.txt,"Pakistan Penal Code, 1860",416,Cheating by personation:,INTRODUCTION,101
ppc_section_417.txt,"Pakistan Penal Code, 1860",417,Punishment for cheating:,INTRODUCTION,28
ppc_section_418.txt,"Pakistan Penal Code, 1860",418,Section 418,INTRODUCTION,79
ppc_section_419.txt,"Pakistan Penal Code, 1860",419,Punishment for cheating by personation:,INTRODUCTION,32
ppc_section_420.txt,"Pakistan Penal Code, 1860",420,Cheating and dishonestly Inducing delivery of property:,INTRODUCTION,80
ppc_section_421.txt,"Pakistan Penal Code, 1860",421,Section 421,INTRODUCTION,95
ppc_section_422.txt,"Pakistan Penal Code, 1860",422,Dishonestly or fraudulently preventing debt being available for creditors:,INTRODUCTION,68
ppc_section_423.txt,"Pakistan Penal Code, 1860",423,Section 423,INTRODUCTION,100
ppc_section_424.txt,"Pakistan Penal Code, 1860",424,Dishonest or fraudulent removal or concealment of property:,INTRODUCTION,69
ppc_section_425.txt,"Pakistan Penal Code, 1860",425,Mischief:,INTRODUCTION,385
ppc_section_426.txt,"Pakistan Penal Code, 1860",426,Punishment for mischief:,INTRODUCTION,29
ppc_section_427.txt,"Pakistan Penal Code, 1860",427,Mischief causing damage to the amount of fifty rupees:,INTRODUCTION,49
ppc_section_428.txt,"Pakistan Penal Code, 1860",428,Mischief by killing or maiming animal of the value of ten rupees:,INTRODUCTION,55
ppc_section_429.txt,"Pakistan Penal Code, 1860",429,Section 429,INTRODUCTION,77
ppc_section_430.txt,"Pakistan Penal Code, 1860",430,Mischief by injury to works of irrigation or by wrongfully diverting water:,INTRODUCTION,86
ppc_section_431.txt,"Pakistan Penal Code, 1860",431,"Mischief by injury to public road, bridge, river or channel:",INTRODUCTION,72
ppc_section_432.txt,"Pakistan Penal Code, 1860",432,Section 432,INTRODUCTION,67
ppc_section_433.txt,"Pakistan Penal Code, 1860",433,"Mischief by destroying, moving or rendering less useful a light-house or seamark:",INTRODUCTION,89
ppc_section_434.txt,"Pakistan Penal Code, 1860",434,"Mischief by destroying or moving, etc., a landmark fixed by public authority:",INTRODUCTION,63
ppc_section_435.txt,"Pakistan Penal Code, 1860",435,Section 435,INTRODUCTION,107
ppc_section_436.txt,"Pakistan Penal Code, 1860",436,"Mischief by fire or explosive substance with intent to destroy house, etc.:",INTRODUCTION,101
ppc_section_437.txt,"Pakistan Penal Code, 1860",437,Section 437,INTRODUCTION,81
ppc_section_438.txt,"Pakistan Penal Code, 1860",438,Section 438,INTRODUCTION,65
ppc_section_439.txt,"Pakistan Penal Code, 1860",439,Section 439,INTRODUCTION,75
ppc_section_440.txt,"Pakistan Penal Code, 1860",440,Mischief committed after preparation made for causing death or hurt:,INTRODUCTION,62
ppc_section_441.txt,"Pakistan Penal Code, 1860",441,Criminal trespass:,INTRODUCTION,68
ppc_section_442.txt,"Pakistan Penal Code, 1860",442,House-trespass:,INTRODUCTION,62
ppc_section_443.txt,"Pakistan Penal Code, 1860",443,Lurking house-trespass:,INTRODUCTION,44
ppc_section_444.txt,"Pakistan Penal Code, 1860",444,Lurking house-trespass by night:,INTRODUCTION,21
ppc_section_445.txt,"Pakistan Penal Code, 1860",445,House-breaking:,INTRODUCTION,504
ppc_section_446.txt,"Pakistan Penal Code, 1860",446,House-breaking by night:,INTRODUCTION,18
ppc_section_447.txt,"Pakistan Penal Code, 1860",447,Punishment for criminal trespass:,INTRODUCTION,43
ppc_section_448.txt,"Pakistan Penal Code, 1860",448,Punishment for house-trespass:,INTRODUCTION,39
ppc_section_449.txt,"Pakistan Penal Code, 1860",449,House-trespass in order to commit offence punishable with death:,INTRODUCTION,48
ppc_section_450.txt,"Pakistan Penal Code, 1860",450,Section 450,INTRODUCTION,49
ppc_section_451.txt,"Pakistan Penal Code, 1860",451,House-trespass in order to commit offence punishable with imprisonment:,INTRODUCTION,69
ppc_section_452.txt,"Pakistan Penal Code, 1860",452,"House-trespass after preparation for hurt, assault or wrongful restraint:",INTRODUCTION,72
ppc_section_453.txt,"Pakistan Penal Code, 1860",453,Punishment for lurking house-trespass or house-breaking:,INTRODUCTION,36
ppc_section_454.txt,"Pakistan Penal Code, 1860",454,Section 454,INTRODUCTION,74
ppc_section_455.txt,"Pakistan Penal Code, 1860",455,Section 455,INTRODUCTION,78
ppc_section_456.txt,"Pakistan Penal Code, 1860",456,Punishment for lurking house-trespass or house-breaking by night:,INTRODUCTION,42
ppc_section_457.txt,"Pakistan Penal Code, 1860",457,Section 457,INTRODUCTION,80
ppc_section_458.txt,"Pakistan Penal Code, 1860",458,Section 458,INTRODUCTION,84
ppc_section_457.txt,"Pakistan Penal Code, 1860",457,Section 457,INTRODUCTION,80
ppc_section_458.txt,"Pakistan Penal Code, 1860",458,Section 458,INTRODUCTION,84
ppc_section_459.txt,"Pakistan Penal Code, 1860",459,Hurt caused whilst committing lurking house trespass or house-breaking:,INTRODUCTION,84
ppc_section_460.txt,"Pakistan Penal Code, 1860",460,Section 460,INTRODUCTION,124
ppc_section_461.txt,"Pakistan Penal Code, 1860",461,Dishonestly breaking open receptacle containing property:,INTRODUCTION,53
ppc_section_462.txt,"Pakistan Penal Code, 1860",462,Section 462,INTRODUCTION,70
ppc_section_462A.txt,"Pakistan Penal Code, 1860",462A,Definition:,INTRODUCTION,416
ppc_section_462B.txt,"Pakistan Penal Code, 1860",462B,"Tampering with petroleum pipelines, etc.",INTRODUCTION,103
ppc_section_462C.txt,"Pakistan Penal Code, 1860",462C,Tampering with auxiliary or distribution pipelines of petroleum:,INTRODUCTION,133
ppc_section_462D.txt,"Pakistan Penal Code, 1860",462D,"Tampering with gas meter by domestic consumer, etc.:",INTRODUCTION,85
ppc_section_462E.txt,"Pakistan Penal Code, 1860",462E,"Tampering with gas meter by industrial or commerical consumer, etc:",INTRODUCTION,90
ppc_section_462F.txt,"Pakistan Penal Code, 1860",462F,"Damaging or destructing the transmission or transportation lines, etc.:",INTRODUCTION,73
ppc_section_462J.txt,"Pakistan Penal Code, 1860",462J,"Interference, improper use or tampering with electric meter by domestic consumer, etc.",INTRODUCTION,282
ppc_section_463.txt,"Pakistan Penal Code, 1860",463,Forgery:,INTRODUCTION,64
ppc_section_464.txt,"Pakistan Penal Code, 1860",464,Making a false document:,INTRODUCTION,1232
ppc_section_465.txt,"Pakistan Penal Code, 1860",465,Punishment for forgery:,INTRODUCTION,29
ppc_section_466.txt,"Pakistan Penal Code, 1860",466,"Forgery of record of Court or of public register, etc.:",INTRODUCTION,109
ppc_section_467.txt,"Pakistan Penal Code, 1860",467,"Forgery of valuable security, will, etc.:",INTRODUCTION,123
ppc_section_468.txt,"Pakistan Penal Code, 1860",468,Forgery for purpose of cheating:,INTRODUCTION,45
ppc_section_469.txt,"Pakistan Penal Code, 1860",469,Forgery for purpose of harming reputation:,INTRODUCTION,57
ppc_section_470.txt,"Pakistan Penal Code, 1860",470,Forged document:,INTRODUCTION,17
ppc_section_471.txt,"Pakistan Penal Code, 1860",471,Using as genuine a forged document:,INTRODUCTION,42
ppc_section_472.txt,"Pakistan Penal Code, 1860",472,Section 472,INTRODUCTION,103
ppc_section_473.txt,"Pakistan Penal Code, 1860",473,Section 473,INTRODUCTION,99
ppc_section_474.txt,"Pakistan Penal Code, 1860",474,Section 474,INTRODUCTION,128
ppc_section_475.txt,"Pakistan Penal Code, 1860",475,Section 475,INTRODUCTION,132
ppc_section_476.txt,"Pakistan Penal Code, 1860",476,Section 476,INTRODUCTION,133
ppc_section_477.txt,"Pakistan Penal Code, 1860",477,Section 477,INTRODUCTION,106
ppc_section_478.txt,"Pakistan Penal Code, 1860",478,Trade mark:,INTRODUCTION,56
ppc_section_479.txt,"Pakistan Penal Code, 1860",479,Property mark:,INTRODUCTION,20
ppc_section_480.txt,"Pakistan Penal Code, 1860",480,Using a false trade mark:,INTRODUCTION,79
ppc_section_481.txt,"Pakistan Penal Code, 1860",481,Using a false property mark:,INTRODUCTION,84
ppc_section_482.txt,"Pakistan Penal Code, 1860",482,Punishment for using a false trade-mark or property mark:,INTRODUCTION,53
ppc_section_483.txt,"Pakistan Penal Code, 1860",483,Counterfeiting a trademark or property mark used by another:,INTRODUCTION,45
ppc_section_484.txt,"Pakistan Penal Code, 1860",484,Counterfeiting a mark used by a public servant:,INTRODUCTION,106
ppc_section_485.txt,"Pakistan Penal Code, 1860",485,Section 485,INTRODUCTION,108
ppc_section_486.txt,"Pakistan Penal Code, 1860",486,Selling goods marked with a counterfeit trade mark or property mark:,INTRODUCTION,166
ppc_section_487.txt,"Pakistan Penal Code, 1860",487,Making a false mark upon any receptacle containing goods:,INTRODUCTION,115
ppc_section_488.txt,"Pakistan Penal Code, 1860",488,Punishment for making use of any such false mark:,INTRODUCTION,49
ppc_section_489.txt,"Pakistan Penal Code, 1860",489,Tampering with property mark with intent to cause injury:,INTRODUCTION,58
ppc_section_491.txt,"Pakistan Penal Code, 1860",491,Breach of contract to attend on any supply wants of helpless person:,INTRODUCTION,101
ppc_section_494.txt,"Pakistan Penal Code, 1860",494,Marrying again during lifetime of husband or wife:,INTRODUCTION,188
ppc_section_495.txt,"Pakistan Penal Code, 1860",495,Section 495,INTRODUCTION,67
ppc_section_496.txt,"Pakistan Penal Code, 1860",496,Marriage ceremony fraudulently gone through without lawful marriage:,INTRODUCTION,53
ppc_section_496A.txt,"Pakistan Penal Code, 1860",496A,Section 496A,INTRODUCTION,62
ppc_section_496B.txt,"Pakistan Penal Code, 1860",496B,Fornication:,INTRODUCTION,56
ppc_section_496C.txt,"Pakistan Penal Code, 1860",496C,Section 496C,INTRODUCTION,103
ppc_section_498A.txt,"Pakistan Penal Code, 1860",498A,Prohibition of depriving woman from inheriting property:,INTRODUCTION,64
ppc_section_498B.txt,"Pakistan Penal Code, 1860",498B,Prohibition of forced marriage:,INTRODUCTION,131
ppc_section_498C.txt,"Pakistan Penal Code, 1860",498C,Prohibition of marriage with the Holy Quran:,INTRODUCTION,91
ppc_section_499.txt,"Pakistan Penal Code, 1860",499,Defamation:,INTRODUCTION,1536
ppc_section_500.txt,"Pakistan Penal Code, 1860",500,Punishment for defamation:,INTRODUCTION,27
ppc_section_501.txt,"Pakistan Penal Code, 1860",501,Printing or engraving matter known to be defamatory:,INTRODUCTION,50
ppc_section_502.txt,"Pakistan Penal Code, 1860",502,Sale of printed or engraved substance containing defamatory matter:,INTRODUCTION,50
ppc_section_503.txt,"Pakistan Penal Code, 1860",503,Criminal Intimidation:,INTRODUCTION,252
ppc_section_504.txt,"Pakistan Penal Code, 1860",504,Intentional insult with intent to provoke breach of the peace:,INTRODUCTION,67
ppc_section_505.txt,"Pakistan Penal Code, 1860",505,Statements conducing to public mischief:,INTRODUCTION,285
ppc_section_506.txt,"Pakistan Penal Code, 1860",506,Punishment for criminal intimidation:,INTRODUCTION,119
ppc_section_507.txt,"Pakistan Penal Code, 1860",507,Criminal intimidation by an anonymous communication:,INTRODUCTION,66
ppc_section_508.txt,"Pakistan Penal Code, 1860",508,Section 508,INTRODUCTION,233
ppc_section_509.txt,"Pakistan Penal Code, 1860",509,Insulting modesty or causing sexual harrassment:,INTRODUCTION,303
ppc_section_510.txt,"Pakistan Penal Code, 1860",510,Misconduct in public by a drunken person:,INTRODUCTION,101
ppc_section_511.txt,"Pakistan Penal Code, 1860",511,Section 511,INTRODUCTION,197
ppc_section_13.txt,"Pakistan Penal Code, 1860",13,Section 13,INTRODUCTION,3
ppc_section_15.txt,"Pakistan Penal Code, 1860",15,Section 15,INTRODUCTION,3
ppc_section_16.txt,"Pakistan Penal Code, 1860",16,Section 16,INTRODUCTION,5
ppc_section_18.txt,"Pakistan Penal Code, 1860",18,Definition of Presidency.,INTRODUCTION,3
ppc_section_56.txt,"Pakistan Penal Code, 1860",56,Sentence of Europeans and Americans to penal servitude:,INTRODUCTION,8
ppc_section_58.txt,"Pakistan Penal Code, 1860",58,"Offenders sentenced to transportation how dealt with until, transported:",INTRODUCTION,9
ppc_section_59.txt,"Pakistan Penal Code, 1860",59,Transportation instead of imprisonment:,INTRODUCTION,4
ppc_section_61.txt,"Pakistan Penal Code, 1860",61,Sentence of forfeiture of property:,INTRODUCTION,5
ppc_section_62.txt,"Pakistan Penal Code, 1860",62,Section 62,INTRODUCTION,13
ppc_section_226.txt,"Pakistan Penal Code, 1860",226,Unlawful return from transportation.,INTRODUCTION,4
ppc_section_292B.txt,"Pakistan Penal Code, 1860",292B,Child pornography.,INTRODUCTION,176
ppc_section_292C.txt,"Pakistan Penal Code, 1860",292C,Punishment for child pornography.,INTRODUCTION,55
ppc_section_298.txt,"Pakistan Penal Code, 1860",298,"Uttering words, etc., with deliberate intent to wound religious feelings.",INTRODUCTION,79
ppc_section_311.txt,"Pakistan Penal Code, 1860",311,Ta'zir after waiver or compounding of right of qisas in qatl-i-amd:,INTRODUCTION,206
ppc_section_325.txt,"Pakistan Penal Code, 1860",325,Attempt to commit suicide:,INTRODUCTION,40
ppc_section_366.txt,"Pakistan Penal Code, 1860",366,"Kidnapping, abducting or inducing woman to compel her marriage, etc.:",INTRODUCTION,10
ppc_section_369A.txt,"Pakistan Penal Code, 1860",369A,Trafficking of human beings.,INTRODUCTION,85
ppc_section_372.txt,"Pakistan Penal Code, 1860",372,"Selling minor for purposes of prostitution, etc.:",INTRODUCTION,7
ppc_section_373.txt,"Pakistan Penal Code, 1860",373,"Buying minor for purposes of prostitution, etc.:",INTRODUCTION,7
ppc_section_375.txt,"Pakistan Penal Code, 1860",375,Rape:,INTRODUCTION,1
ppc_section_376.txt,"Pakistan Penal Code, 1860",376,Punishment of rape:,INTRODUCTION,3
ppc_section_375.txt,"Pakistan Penal Code, 1860",375,Section 375,INTRODUCTION,123
ppc_section_490.txt,"Pakistan Penal Code, 1860",490,Section 490,INTRODUCTION,9
ppc_section_492.txt,"Pakistan Penal Code, 1860",492,Section 492,INTRODUCTION,16
ppc_section_493.txt,"Pakistan Penal Code, 1860",493,Cohabitation caused by a man deceitfully inducing a belief of lawful marriage:,INTRODUCTION,12
ppc_section_497.txt,"Pakistan Penal Code, 1860",497,Adultery:,INTRODUCTION,1
ppc_section_498.txt,"Pakistan Penal Code, 1860",498,Enticing or taking away or detaining with criminal intent a married woman:,INTRODUCTION,12
crpc_section_1.txt,"Code of Criminal Procedure, 1898",1,Short title.,,7
crpc_section_3.txt,"Code of Criminal Procedure, 1898",3,References to Code of Criminal Procedure and other repealed enactments.,,15
crpc_section_4.txt,"Code of Criminal Procedure, 1898",4,Definitions.,,16
crpc_section_5.txt,"Code of Criminal Procedure, 1898",5,Trial of offences under Penal Code.,,37
crpc_section_6.txt,"Code of Criminal Procedure, 1898",6,Classes of Criminal Courts.,,7
crpc_section_7.txt,"Code of Criminal Procedure, 1898",7,Sessions divisions and districts.,,18
crpc_section_8.txt,"Code of Criminal Procedure, 1898",8,Power to divide districts into sub­divisions.,,13
crpc_section_12.txt,"Code of Criminal Procedure, 1898",12,Subordinate Magistrates.,,8
crpc_section_13.txt,"Code of Criminal Procedure, 1898",13,Power to put Magistrate in charge of sub­division.,,19
crpc_section_15.txt,"Code of Criminal Procedure, 1898",15,Benches of Magistrates.,,13
crpc_section_17.txt,"Code of Criminal Procedure, 1898",17,Subordination of Magistrates and Benches to District Magistrate; to sub­.,,31
crpc_section_22B.txt,"Code of Criminal Procedure, 1898",22B,Duties of Justices of the peace.,,9
crpc_section_25.txt,"Code of Criminal Procedure, 1898",25,Ex­officio Justices of the peace.,,23
crpc_section_29.txt,"Code of Criminal Procedure, 1898",29,Offences under other laws.,,7
crpc_section_30.txt,"Code of Criminal Procedure, 1898",30,Offences not punishable with death.,,16
crpc_section_33.txt,"Code of Criminal Procedure, 1898",33,Power of Magistrates to sentence to imprisonment in default of fine.,,17
crpc_section_34.txt,"Code of Criminal Procedure, 1898",34,Higher powers of certain District Magistrates.,,9
crpc_section_35.txt,"Code of Criminal Procedure, 1898",35,Sentence in case of conviction of several offences at one trial.,,20
crpc_section_38.txt,"Code of Criminal Procedure, 1898",38,Control of District Magistrates investing power.,,13
crpc_section_41.txt,"Code of Criminal Procedure, 1898",41,Powers may be cancelled.,,28
crpc_section_45.txt,"Code of Criminal Procedure, 1898",45,"Village­headmen, accountants, landholders and others bound to report certain.",,37
crpc_section_46.txt,"Code of Criminal Procedure, 1898",46,Arrest how made.,,8
crpc_section_48.txt,"Code of Criminal Procedure, 1898",48,Procedure where ingress not obtainable.,,9
crpc_section_53A.txt,"Code of Criminal Procedure, 1898",53A,"Examination of person accused of rape, etc.",,14
crpc_section_60.txt,"Code of Criminal Procedure, 1898",60,Person arrested to be taken before Magistrate or officer in charge of police­.,,15
crpc_section_67.txt,"Code of Criminal Procedure, 1898",67,"Provisions of sections 47, 48 and 49 to apply to arrests under section 66.",,23
crpc_section_68.txt,"Code of Criminal Procedure, 1898",68,Form of summons.,,8
crpc_section_69.txt,"Code of Criminal Procedure, 1898",69,Summons how served.,,9
crpc_section_73.txt,"Code of Criminal Procedure, 1898",73,Service of summons outside local limits.,,11
crpc_section_74.txt,"Code of Criminal Procedure, 1898",74,Proof of service in such cases and when serving person not present.,,16
crpc_section_75.txt,"Code of Criminal Procedure, 1898",75,Form of warrant of arrest.,,11
crpc_section_76.txt,"Code of Criminal Procedure, 1898",76,Court may direct security to be taken.,,12
crpc_section_77.txt,"Code of Criminal Procedure, 1898",77,Warrants to whom directed.,,9
crpc_section_86A.txt,"Code of Criminal Procedure, 1898",86A,Procedure for removal in custody to Tribal Areas.,,12
crpc_section_89.txt,"Code of Criminal Procedure, 1898",89,Restoration of attached property.,,9
crpc_section_93.txt,"Code of Criminal Procedure, 1898",93,Provisions of this Chapter generally applicable to summons and warrants of.,,36
crpc_section_93C.txt,"Code of Criminal Procedure, 1898",93C,Service and execution in Pakistan of processes received from outside Pakistan.,,37
crpc_section_95.txt,"Code of Criminal Procedure, 1898",95,Procedure as to letters and telegrams.,,9
crpc_section_99A.txt,"Code of Criminal Procedure, 1898",99A,Power to declare certain publications forfeited and to issue search­warrants for.,,18
crpc_section_99B.txt,"Code of Criminal Procedure, 1898",99B,Application to High Court to set aside order of forfeiture.,,13
crpc_section_99G.txt,"Code of Criminal Procedure, 1898",99G,Jurisdiction barred.,,8
crpc_section_100.txt,"Code of Criminal Procedure, 1898",100,Search for persons wrongfully confined.,,11
crpc_section_103.txt,"Code of Criminal Procedure, 1898",103,Search to be made in presence of witnesses.,,16
crpc_section_105.txt,"Code of Criminal Procedure, 1898",105,Magistrate may direct search in his presence.,,32
crpc_section_106.txt,"Code of Criminal Procedure, 1898",106,Security for keeping the peace on conviction.,,21
crpc_section_107.txt,"Code of Criminal Procedure, 1898",107,Security for keeping the peace in other cases.,,19
crpc_section_110.txt,"Code of Criminal Procedure, 1898",110,Security for good behaviour from habitual offenders.,,10
crpc_section_119.txt,"Code of Criminal Procedure, 1898",119,Discharge of person informed against.,,16
crpc_section_123.txt,"Code of Criminal Procedure, 1898",123,Imprisonment in default of security.,,21
crpc_section_124.txt,"Code of Criminal Procedure, 1898",124,Power to release persons imprisoned for failing to give security.,,15
crpc_section_125.txt,"Code of Criminal Procedure, 1898",125,Power to District Magistrate to cancel any bond for keeping the peace or good.,,16
crpc_section_126A.txt,"Code of Criminal Procedure, 1898",126A,Security for unexpired period of bond.,,11
crpc_section_131A.txt,"Code of Criminal Procedure, 1898",131A,Power to use military force for public Security and maintenance of law and.,,15
crpc_section_132A.txt,"Code of Criminal Procedure, 1898",132A,Definitions.,,6
crpc_section_140.txt,"Code of Criminal Procedure, 1898",140,Procedure on order being made absolute.,,12
crpc_section_143.txt,"Code of Criminal Procedure, 1898",143,Magistrate may prohibit repetition or continuance of public nuisance.,,22
crpc_section_144.txt,"Code of Criminal Procedure, 1898",144,Power to issue order absolute at once in urgent cases of nuisance or.,,23
crpc_section_145.txt,"Code of Criminal Procedure, 1898",145,"Procedure where dispute concerning land, etc, is likely to cause breach of.",,27
crpc_section_148.txt,"Code of Criminal Procedure, 1898",148,Local inquiry.,,14
crpc_section_151.txt,"Code of Criminal Procedure, 1898",151,Arrest to prevent such offences.,,10
crpc_section_153.txt,"Code of Criminal Procedure, 1898",153,Inspection of weights and measures.,,19
crpc_section_155.txt,"Code of Criminal Procedure, 1898",155,Information in non­cognizable cases.,,9
crpc_section_157.txt,"Code of Criminal Procedure, 1898",157,Procedure where cognizable offence suspected.,,21
crpc_section_166.txt,"Code of Criminal Procedure, 1898",166,When officer incharge of police station may require another to issue search.,,14
crpc_section_171.txt,"Code of Criminal Procedure, 1898",171,Complaints and witnesses not to be required to accompany police­officer.,,29
crpc_section_176.txt,"Code of Criminal Procedure, 1898",176,Inquiry by magistrate into cause of death.,,35
crpc_section_177.txt,"Code of Criminal Procedure, 1898",177,Ordinary place of inquiry and trial.,,11
crpc_section_179.txt,"Code of Criminal Procedure, 1898",179,Accused triable in district where act is done or where consequence ensues.,,28
crpc_section_181.txt,"Code of Criminal Procedure, 1898",181,"Being a thug or belonging to a gang of dacoits, escape from custody, etc.",,26
crpc_section_182.txt,"Code of Criminal Procedure, 1898",182,Place of inquiry or trial where scene of offence is uncertain or not in one district.,,28
crpc_section_183.txt,"Code of Criminal Procedure, 1898",183,Offence committed on a journey.,,8
crpc_section_185.txt,"Code of Criminal Procedure, 1898",185,"High Court to decide, in case of doubt, district where inquiry or trial shall take.",,17
crpc_section_186.txt,"Code of Criminal Procedure, 1898",186,Power to issue summons or warrant for offence committed beyond local.,,17
crpc_section_188.txt,"Code of Criminal Procedure, 1898",188,Liability for offences committed outside Pakistan.,,16
crpc_section_189.txt,"Code of Criminal Procedure, 1898",189,Power to direct copies of depositions and exhibits to be received in evidence.,,20
crpc_section_195.txt,"Code of Criminal Procedure, 1898",195,Prosecution for contempt of lawful authority of public servants.,,27
crpc_section_197.txt,"Code of Criminal Procedure, 1898",197,Prosecution of judges and public servants.,,15
crpc_section_198A.txt,"Code of Criminal Procedure, 1898",198A,Prosecution for defamation against public servants in respect of their conduct in.,,18
crpc_section_199A.txt,"Code of Criminal Procedure, 1898",199A,Objection by lawful guardian to complaint by person other than person.,,13
crpc_section_199B.txt,"Code of Criminal Procedure, 1898",199B,Form of authorisation under second proviso to section 198 or 199.,,18
crpc_section_203.txt,"Code of Criminal Procedure, 1898",203,Dismissal of complaints.,,17
crpc_section_205.txt,"Code of Criminal Procedure, 1898",205,Magistrate may dispense with personal attendance of accused.,,20
crpc_section_221.txt,"Code of Criminal Procedure, 1898",221,Charge to state offence.,,33
crpc_section_225.txt,"Code of Criminal Procedure, 1898",225,Effect of errors.,,6
crpc_section_230.txt,"Code of Criminal Procedure, 1898",230,Stay of proceedings if prosecution of offence in altered charge require previous.,,14
crpc_section_232.txt,"Code of Criminal Procedure, 1898",232,Effect of material error.,,8
crpc_section_235.txt,"Code of Criminal Procedure, 1898",235,Trial for more than one offence.,,23
crpc_section_239.txt,"Code of Criminal Procedure, 1898",239,What persons may be charged jointly.,,28
crpc_section_245.txt,"Code of Criminal Procedure, 1898",245,Acquittal.,,3
crpc_section_245A.txt,"Code of Criminal Procedure, 1898",245A,Procedure in cases of previous convictions.,,9
crpc_section_247.txt,"Code of Criminal Procedure, 1898",247,Non­appearance of complainant.,,8
crpc_section_249A.txt,"Code of Criminal Procedure, 1898",249A,Power of magistrate to acquit accused at any stage.,,17
crpc_section_250.txt,"Code of Criminal Procedure, 1898",250,"False, frivolous or vexatious accusations.",,14
crpc_section_262.txt,"Code of Criminal Procedure, 1898",262,Procedure prescribed in Chapter XX applicable.,,10
crpc_section_265.txt,"Code of Criminal Procedure, 1898",265,Language of record and judgment.,,23
crpc_section_265N.txt,"Code of Criminal Procedure, 1898",265N,Place of holding sittings.,,19
crpc_section_340.txt,"Code of Criminal Procedure, 1898",340,Right of person against whom proceedings are instituted to be defended and his.,,19
crpc_section_342.txt,"Code of Criminal Procedure, 1898",342,Power to examine the accused.,,10
crpc_section_344.txt,"Code of Criminal Procedure, 1898",344,Power to postpone or adjourn proceedings.,,12
crpc_section_347.txt,"Code of Criminal Procedure, 1898",347,"Procedure when after commencement of trial, Magistrate finds case should be.",,20
crpc_section_348.txt,"Code of Criminal Procedure, 1898",348,"Trial of persons previously convicted of offences against coinage, stamp­law or.",,13
crpc_section_350.txt,"Code of Criminal Procedure, 1898",350,Conviction or evidence partly recorded by one presiding officer and partly by.,,14
crpc_section_352.txt,"Code of Criminal Procedure, 1898",352,Courts to be open.,,19
crpc_section_355.txt,"Code of Criminal Procedure, 1898",355,Record in trials of certain cases by first and second class Magistrates.,,34
crpc_section_361.txt,"Code of Criminal Procedure, 1898",361,Interpretation of evidence to accused or his pleader.,,11
crpc_section_365.txt,"Code of Criminal Procedure, 1898",365,Record of evidence in High Court.,,12
crpc_section_367.txt,"Code of Criminal Procedure, 1898",367,Language of judgment.,,10
crpc_section_369.txt,"Code of Criminal Procedure, 1898",369,Court not to alter judgment.,,8
crpc_section_371.txt,"Code of Criminal Procedure, 1898",371,"Copy of judgment, etc, to be given to accused.",,16
crpc_section_373.txt,"Code of Criminal Procedure, 1898",373,Court of Session to send copy of finding and sentence to District Magistrate.,,27
crpc_section_562.txt,"Code of Criminal Procedure, 1898",562,CHAPTER XXVIII.,,5
crpc_section_382A.txt,"Code of Criminal Procedure, 1898",382A,Postponement of execution of sentences of imprisonment under section 476 or.,,20
crpc_section_392.txt,"Code of Criminal Procedure, 1898",392,Mode of inflicting punishment.,,10
crpc_section_393.txt,"Code of Criminal Procedure, 1898",393,Not to be executed by instalments.,,8
crpc_section_394.txt,"Code of Criminal Procedure, 1898",394,Whipping not to be inflicted if offender not in fit state of health.,,17
crpc_section_400.txt,"Code of Criminal Procedure, 1898",400,Return of warrant on execution of sentence.,,17
crpc_section_402B.txt,"Code of Criminal Procedure, 1898",402B,Certain restrictions on the exercise of powers by Provincial Government.,,18
crpc_section_403.txt,"Code of Criminal Procedure, 1898",403,Person once convicted or acquitted not to be tried for same offence.,,28
crpc_section_406.txt,"Code of Criminal Procedure, 1898",406,Appeal from order requiring security for keeping the peace or for good.,,14
crpc_section_407.txt,"Code of Criminal Procedure, 1898",407,Appeal from sentence of Magistrate of the second or third class.,,19
crpc_section_408.txt,"Code of Criminal Procedure, 1898",408,Appeal from sentence of Assistant Sessions Judge or Magistrate of the first.,,14
crpc_section_410.txt,"Code of Criminal Procedure, 1898",410,Appeal from sentence of Court of Session.,,10
crpc_section_415A.txt,"Code of Criminal Procedure, 1898",415A,Special right of appeal in certain cases.,,10
crpc_section_426.txt,"Code of Criminal Procedure, 1898",426,Suspension of sentence pending appeals.,,11
crpc_section_431.txt,"Code of Criminal Procedure, 1898",431,Abatement of appeals.,,12
crpc_section_436.txt,"Code of Criminal Procedure, 1898",436,Power to order inquiry.,,7
crpc_section_438.txt,"Code of Criminal Procedure, 1898",438,Report to High Court.,,9
crpc_section_440.txt,"Code of Criminal Procedure, 1898",440,Optional with Court to hear parties.,,9
crpc_section_442.txt,"Code of Criminal Procedure, 1898",442,High Court's order to be certified to lower Court or Magistrate.,,22
crpc_section_465.txt,"Code of Criminal Procedure, 1898",465,Procedure in case of person sent for trial Court of Session or High Court being.,,17
crpc_section_466.txt,"Code of Criminal Procedure, 1898",466,Release of lunatic pending investigation or trial.,,11
crpc_section_471.txt,"Code of Criminal Procedure, 1898",471,Person acquitted on such ground to be detained in safe custody.,,25
crpc_section_474.txt,"Code of Criminal Procedure, 1898",474,Procedure where lunatic detained under section 466 or 471 is declared fit to be.,,16
crpc_section_475.txt,"Code of Criminal Procedure, 1898",475,Delivery of lunatic to care of relative or friend.,,23
crpc_section_476A.txt,"Code of Criminal Procedure, 1898",476A,Forwarding of cases for trial by Courts having jurisdiction.,,18
crpc_section_482.txt,"Code of Criminal Procedure, 1898",482,Procedure where Court considers that case should not be dealt with under.,,15
crpc_section_483.txt,"Code of Criminal Procedure, 1898",483,When Registrar or Sub­Registrar to be deemed a Civil Court within sections 480.,,16
crpc_section_487.txt,"Code of Criminal Procedure, 1898",487,Certain Judges and Magistrates not to try offences referred to in section 195.,,35
crpc_section_491.txt,"Code of Criminal Procedure, 1898",491,Power to issue directions of the nature of a habeas carpus.,,24
crpc_section_493.txt,"Code of Criminal Procedure, 1898",493,Public Prosecutor may plead in all Courts in cases under his charge.,,21
crpc_section_495.txt,"Code of Criminal Procedure, 1898",495,Permission to conduct prosecution.,,9
crpc_section_498A.txt,"Code of Criminal Procedure, 1898",498A,"No bail to be granted to a person not in custody, in court or against whom no.",,22
crpc_section_502.txt,"Code of Criminal Procedure, 1898",502,Discharge of sureties.,,13
crpc_section_503.txt,"Code of Criminal Procedure, 1898",503,When attendance of witness may be dispensed with.,,11
crpc_section_508A.txt,"Code of Criminal Procedure, 1898",508A,Application of this Chapter to Commissions issued in Burma.,,16
crpc_section_509.txt,"Code of Criminal Procedure, 1898",509,Deposition of medical witness.,,10
crpc_section_512.txt,"Code of Criminal Procedure, 1898",512,Record of evidence in absence of accused.,,20
crpc_section_515.txt,"Code of Criminal Procedure, 1898",515,"Appeal from, and revision of, orders under section 514.",,14
crpc_section_516.txt,"Code of Criminal Procedure, 1898",516,Power to direct levy of amount due on certain recognizances.,,18
crpc_section_523.txt,"Code of Criminal Procedure, 1898",523,Procedure by police upon seizure of property taken under section 51 or stolen.,,21
crpc_section_525.txt,"Code of Criminal Procedure, 1898",525,Power to sell perishable property.,,14
crpc_section_526.txt,"Code of Criminal Procedure, 1898",526,High Court may transfer case or itself try it.,,27
crpc_section_528.txt,"Code of Criminal Procedure, 1898",528,Sessions Judge may withdraw cases from Assistant Sessions Judge.,,19
crpc_section_531.txt,"Code of Criminal Procedure, 1898",531,Proceedings in wrong place.,,7
crpc_section_533.txt,"Code of Criminal Procedure, 1898",533,Non­compliance with provisions of section 164 or 364.,,11
crpc_section_535.txt,"Code of Criminal Procedure, 1898",535,Effect of omission to prepare charge.,,9
crpc_section_537.txt,"Code of Criminal Procedure, 1898",537,Finding or sentence when reversible by reason of error or omission in charge or.,,17
crpc_section_538.txt,"Code of Criminal Procedure, 1898",538,"Attachment not illegal, person making same not trespasser for defect or want of.",,20
crpc_section_540A.txt,"Code of Criminal Procedure, 1898",540A,Provision for inquiries and trial being held in the absence of accused in certain.,,16
crpc_section_541.txt,"Code of Criminal Procedure, 1898",541,Power to appoint place of imprisonment.,,36
crpc_section_549.txt,"Code of Criminal Procedure, 1898",549,Delivery to military authorities of persons liable to be tried by Court­martial.,,17
crpc_section_552.txt,"Code of Criminal Procedure, 1898",552,Powers to compel restoration of abducted females.,,10
crpc_section_554.txt,"Code of Criminal Procedure, 1898",554,Power of High Courts to make rules for inspection of records of subordinate.,,25
crpc_section_559.txt,"Code of Criminal Procedure, 1898",559,Provision for powers of Judges and Magistrates being exercised by their.,,15
crpc_section_560.txt,"Code of Criminal Procedure, 1898",560,Officers concerned in sales not to purchase or bid for property.,,14
crpc_section_561A.txt,"Code of Criminal Procedure, 1898",561A,Saving of inherent power of High Court.,,10
crpc_section_562.txt,"Code of Criminal Procedure, 1898",562,Powers of Court to release certain convicted offenders on probation of good.,,24
crpc_section_564.txt,"Code of Criminal Procedure, 1898",564,Conditions as to abode of offender.,,10
crpc_section_565.txt,"Code of Criminal Procedure, 1898",565,Order for notifying address of previously convicted offender.,,94
crpc_section_1.txt,"Code of Criminal Procedure, 1898",1,Short title.,,510
crpc_section_2.txt,"Code of Criminal Procedure, 1898",2,In N.W.F.P.,,7
crpc_section_4.txt,"Code of Criminal Procedure, 1898",4,"In Quetta Town, Cantonment Areas and Nasirabad Distt.of Baluchistan.",,235
crpc_section_3.txt,"Code of Criminal Procedure, 1898",3,References to Code of Criminal Procedure and other repealed enactments.­(1) In every.,,163
crpc_section_4.txt,"Code of Criminal Procedure, 1898",4,"Definitions.­(1) In this Code the following words and expressions have the following meanings,.",,1165
crpc_section_5.txt,"Code of Criminal Procedure, 1898",5,Trial of offences under Penal Code.­(1) All offences under the Pakistan Penal Code (XLV of 1860).,,259
crpc_section_7.txt,"Code of Criminal Procedure, 1898",7,Sessions divisions and districts.­(1) 2[Each Province] shall consist of sessions divisions; and every.,,95
crpc_section_8.txt,"Code of Criminal Procedure, 1898",8,Power to divide districts into sub­divisions.­(1) The 7[Provincial Government] may divide8 any.,,47
crpc_section_9.txt,"Code of Criminal Procedure, 1898",9,Court of Session.­(1) The 7[Provincial Government] shall establish a Court of Session for every.,,941
crpc_section_15.txt,"Code of Criminal Procedure, 1898",15,Benches of Magistrates.­(1) The 2[Provincial Government] may direct any two or more.,,165
crpc_section_16.txt,"Code of Criminal Procedure, 1898",16,Power to frame rules for guidance of 5[Magistrates and] Benches.,,484
crpc_section_22A.txt,"Code of Criminal Procedure, 1898",22A,"Powers of Justices of the Peace.­(1) A Justice of the Peace for any local area shall, for the.",,582
crpc_section_22B.txt,"Code of Criminal Procedure, 1898",22B,Duties of Justices of the Peace.,,303
crpc_section_28.txt,"Code of Criminal Procedure, 1898",28,Offences under Penal Code.,,89
crpc_section_29.txt,"Code of Criminal Procedure, 1898",29,"Offences under other laws.­(1) Subject to the 4[other provisions of this Code], any offence under.",,355
crpc_section_31.txt,"Code of Criminal Procedure, 1898",31,Sentences which High Courts and Sessions Judges may pass.­(1) A High Court may pass any.,,83
crpc_section_32.txt,"Code of Criminal Procedure, 1898",32,Sentences which Magistrates may pass.­(1) The Courts of Magistrates may pass the following.,,294
crpc_section_33.txt,"Code of Criminal Procedure, 1898",33,Power of Magistrate to sentence to imprisonment in default of fine.­(1) The Court of any.,,153
crpc_section_34.txt,"Code of Criminal Procedure, 1898",34,Higher powers of certain 2* * * Magistrates.,,70
crpc_section_35.txt,"Code of Criminal Procedure, 1898",35,"S entence in cases of conviction of several offences at one trial.­(1) 5[When a person is convicted at one trial of two or more offences, the Court may, subject to the provisions of section 71 of Pakistan.",,375
crpc_section_36.txt,"Code of Criminal Procedure, 1898",36,Ordinary Powers of Magistrates.,,72
crpc_section_39.txt,"Code of Criminal Procedure, 1898",39,Mode of conferring powers.­(1) In conferring powers under this Code the 5[Provincial.,,116
crpc_section_40.txt,"Code of Criminal Procedure, 1898",40,Powers of officers appointed.,,132
crpc_section_42.txt,"Code of Criminal Procedure, 1898",42,Public when to assist Magistrate and Police.,,82
crpc_section_43.txt,"Code of Criminal Procedure, 1898",43,"Aid to person other than police­officer, executing warrant.",,148
crpc_section_44.txt,"Code of Criminal Procedure, 1898",44,"Public to give information of certain offences.­1[(1) Every person aware of the commission of, or.",,158
crpc_section_45.txt,"Code of Criminal Procedure, 1898",45,"Village­headman, accountants, landholders and others bound to report certain matters.__(1).",,733
crpc_section_46.txt,"Code of Criminal Procedure, 1898",46,Arrest how made.­(1) In making an arrest the police officer or other person making the same shall.,,363
crpc_section_47.txt,"Code of Criminal Procedure, 1898",47,Search of place entered by person sought to be arrested.,,82
crpc_section_48.txt,"Code of Criminal Procedure, 1898",48,Procedure where ingress not obtainable.,,199
crpc_section_49.txt,"Code of Criminal Procedure, 1898",49,Power to break open doors and windows for purposes of liberation.,,60
crpc_section_50.txt,"Code of Criminal Procedure, 1898",50,No unnecessary restraint.,,21
crpc_section_51.txt,"Code of Criminal Procedure, 1898",51,Search of arrested persons: Whenever a person is arrested by a police­officer under a warrant.,,141
crpc_section_52.txt,"Code of Criminal Procedure, 1898",52,Mode of searching women.,,29
crpc_section_53.txt,"Code of Criminal Procedure, 1898",53,Power to seize offensive weapons.,,351
crpc_section_54.txt,"Code of Criminal Procedure, 1898",54,"When police may arrest without warrant.­(1) Any police­officer may, without an order from a.",,537
crpc_section_655.txt,"Code of Criminal Procedure, 1898",655,"Arrest of vagabonds, habitual robbers, etc.­(1) Any officer in charge of a police­station may, in.",,321
crpc_section_56.txt,"Code of Criminal Procedure, 1898",56,Procedure when police officer deputes subordinate to arrest without warrant.­(1).,,128
crpc_section_57.txt,"Code of Criminal Procedure, 1898",57,Refusal to give name and residence.­(1) When any person who in the presence of a.,,288
crpc_section_58.txt,"Code of Criminal Procedure, 1898",58,Pursuit of offenders into other jurisdictions.,,54
crpc_section_59.txt,"Code of Criminal Procedure, 1898",59,Arrest by private persons and procedure on such arrest.­2[(1) Any private person may arrest any.,,166
crpc_section_60.txt,"Code of Criminal Procedure, 1898",60,Person arrested to be taken before Magistrate or officer in charge of police­station.,,59
crpc_section_61.txt,"Code of Criminal Procedure, 1898",61,Persons arrested not to be detained more than twenty­four hours.,,74
crpc_section_62.txt,"Code of Criminal Procedure, 1898",62,Police to report apprehensions.,,257
crpc_section_63.txt,"Code of Criminal Procedure, 1898",63,Discharge of person apprehended.,,33
crpc_section_64.txt,"Code of Criminal Procedure, 1898",64,Offence committed in Magistrate’s presence.,,53
crpc_section_65.txt,"Code of Criminal Procedure, 1898",65,Arrest by or in presence of Magistrate.,,49
crpc_section_66.txt,"Code of Criminal Procedure, 1898",66,"Power, on escape, to pursue and retake.",,39
crpc_section_67.txt,"Code of Criminal Procedure, 1898",67,"Provisions of sections 47, 48 and 49 to apply to arrests under section 66.",,61
crpc_section_68.txt,"Code of Criminal Procedure, 1898",68,Form of summons.­(1) Every summons issued by a Court under this Code shall be in.,,202
crpc_section_69.txt,"Code of Criminal Procedure, 1898",69,"Summons how served.­(1) The summons shall, if practicable, be served personally on the.",,127
crpc_section_70.txt,"Code of Criminal Procedure, 1898",70,Service when person summoned cannot be found.,,68
crpc_section_71.txt,"Code of Criminal Procedure, 1898",71,Procedure when service cannot be effected as before provided.,,348
crpc_section_73.txt,"Code of Criminal Procedure, 1898",73,Service of summons outside local limits.,,58
crpc_section_74.txt,"Code of Criminal Procedure, 1898",74,Proof of service in such cases and when serving 1[person] not present.­(1) When a summons.,,147
crpc_section_75.txt,"Code of Criminal Procedure, 1898",75,Form of warrant of arrest.­(1) Every Warrant of arrest issued by a Court under this Code shall be.,,77
crpc_section_76.txt,"Code of Criminal Procedure, 1898",76,Court may direct security to be taken.,,167
crpc_section_77.txt,"Code of Criminal Procedure, 1898",77,Warrants to whom directed.­(1) A warrant of arrest shall ordinarily be directed to one or more.,,89
crpc_section_78.txt,"Code of Criminal Procedure, 1898",78,"Warrant may be directed to land­holders, etc.­(1) A 5[Magistrate of the first Class] may direct a.",,144
crpc_section_79.txt,"Code of Criminal Procedure, 1898",79,Warrant directed to police­officer.,,36
crpc_section_80.txt,"Code of Criminal Procedure, 1898",80,Notification of substance of warrant.,,36
crpc_section_81.txt,"Code of Criminal Procedure, 1898",81,Person arrested to be brought before Court without delay.,,52
crpc_section_82.txt,"Code of Criminal Procedure, 1898",82,Where warrant may be executed.,,146
crpc_section_83.txt,"Code of Criminal Procedure, 1898",83,Warrant forwarded for execution outside jurisdiction.­(1) When a warrant is to be.,,106
crpc_section_84.txt,"Code of Criminal Procedure, 1898",84,Warrant directed to police­officer for execution outside jurisdiction.­(1) When a.,,195
crpc_section_85.txt,"Code of Criminal Procedure, 1898",85,Procedure on arrest of person against to whom warrant issued.,,142
crpc_section_86.txt,"Code of Criminal Procedure, 1898",86,Procedure by Magistrate before whom person arrested is brought.­(1) Such Magistrate or.,,375
crpc_section_87.txt,"Code of Criminal Procedure, 1898",87,Proclamation for person absconding.­(1) If any Court 5[is satisfied after taking evidence] that any.,,256
crpc_section_88.txt,"Code of Criminal Procedure, 1898",88,Attachment of property of person absconding.­(1) The Court issuing a proclamation under section.,,867
crpc_section_89.txt,"Code of Criminal Procedure, 1898",89,Restoration of attached property.,,162
crpc_section_90.txt,"Code of Criminal Procedure, 1898",90,"Issue of warrant in lieu of, or in addition to summons.",,130
crpc_section_91.txt,"Code of Criminal Procedure, 1898",91,Power to take bond for appearance.,,54
crpc_section_92.txt,"Code of Criminal Procedure, 1898",92,Arrest by breach of bond for appearance.,,50
crpc_section_93.txt,"Code of Criminal Procedure, 1898",93,Provisions of this Chapter generally applicable to summonses and warrants of arrest.,,108
crpc_section_193A.txt,"Code of Criminal Procedure, 1898",193A,Sending of summons for service outside Pakistan.­(1) Where a Court in 2[Pakistan].,,202
crpc_section_193C.txt,"Code of Criminal Procedure, 1898",193C,Service and execution in Pakistan of processes received from outside Pakistan.­(1).,,278
crpc_section_94.txt,"Code of Criminal Procedure, 1898",94,"Summons to produce document or other thing.­(1) Whenever any Court, or 1* * *, any officer in.",,314
crpc_section_95.txt,"Code of Criminal Procedure, 1898",95,"Procedure as to letters and telegrams.­(1) If any document, parcel or thing in such custody is, in.",,220
crpc_section_96.txt,"Code of Criminal Procedure, 1898",96,When search­warrant may be issued.­(1) Where any Court has reason to believe that a person to.,,132
crpc_section_97.txt,"Code of Criminal Procedure, 1898",97,Power to restrict warrant.,,53
crpc_section_98.txt,"Code of Criminal Procedure, 1898",98,"Search of house suspected to contain stolen property, forged documents, etc.­(1) If a [2* * *].",,845
crpc_section_99.txt,"Code of Criminal Procedure, 1898",99,Disposal of things found in search beyond jurisdiction.,,647
crpc_section_99B.txt,"Code of Criminal Procedure, 1898",99B,Application to High Court to set aside order of forfeiture.__9[(1)] Any person having.,,420
crpc_section_99D.txt,"Code of Criminal Procedure, 1898",99D,"Order of High Court setting aside forfeiture.__(1) On receipt of the application, the 1[High.",,77
crpc_section_99E.txt,"Code of Criminal Procedure, 1898",99E,Evidence to prove nature or tendency of newspapers.,,62
crpc_section_99F.txt,"Code of Criminal Procedure, 1898",99F,Procedure in High Court.,,69
crpc_section_99G.txt,"Code of Criminal Procedure, 1898",99G,Jurisdiction barred.,,35
crpc_section_100.txt,"Code of Criminal Procedure, 1898",100,Search for persons wrongfully confined.,,98
crpc_section_101.txt,"Code of Criminal Procedure, 1898",101,"Direction, etc., of search­warrants.",,172
crpc_section_102.txt,"Code of Criminal Procedure, 1898",102,Persons in charge of closed place to allow search.__(1) Whenever any place liable to.,,135
crpc_section_103.txt,"Code of Criminal Procedure, 1898",103,Search to be made in presence of witnesses.__(1) Before making a search under this.,,311
crpc_section_104.txt,"Code of Criminal Procedure, 1898",104,"Power to impound document, etc., produced.",,25
crpc_section_105.txt,"Code of Criminal Procedure, 1898",105,Magistrate may direct search in his presence.,,62
crpc_section_106.txt,"Code of Criminal Procedure, 1898",106,Security for keeping the peace on conviction.—(1) Whenever any person accused of 2[any.,,324
crpc_section_107.txt,"Code of Criminal Procedure, 1898",107,Security for keeping the peace in other cases.__(1) Whenever a 2* * [Magistrate of.,,431
crpc_section_108.txt,"Code of Criminal Procedure, 1898",108,Security for good behaviour from persons disseminating seditious matter.,,446
crpc_section_109.txt,"Code of Criminal Procedure, 1898",109,Security for good behaviour from vagrants and suspected persons.,,130
crpc_section_110.txt,"Code of Criminal Procedure, 1898",110,Security for good behaviour from habitual offenders.,,412
crpc_section_2114.txt,"Code of Criminal Procedure, 1898",2114,Summons or warrant in case of person not so present.,,265
crpc_section_2116.txt,"Code of Criminal Procedure, 1898",2116,Power to dispense with personal attendance.,,570
crpc_section_1118.txt,"Code of Criminal Procedure, 1898",1118,"Order to give security.__(1) If, upon such inquiry, it is proved that it is necessary for keeping the.",,144
crpc_section_2119.txt,"Code of Criminal Procedure, 1898",2119,Discharge of person informed against.,,581
crpc_section_1123.txt,"Code of Criminal Procedure, 1898",1123,Imprisonment in default of security.__(1) If any person ordered to give security under section.,,601
crpc_section_4124.txt,"Code of Criminal Procedure, 1898",4124,Power to release persons imprisoned for failing to give security.__(1) Whenever the 5[Sessions.,,606
crpc_section_3125.txt,"Code of Criminal Procedure, 1898",3125,Power of District Magistrate to cancel any bond for keeping the peace or good.,,62
crpc_section_3126.txt,"Code of Criminal Procedure, 1898",3126,Discharge of sureties.__(1) Any surety for the peaceable conduct or good behaviour of.,,325
crpc_section_127.txt,"Code of Criminal Procedure, 1898",127,Assembly to disperse on command of Magistrate or police­officer.__(1) Any 2* * * officer in.,,68
crpc_section_128.txt,"Code of Criminal Procedure, 1898",128,Use of civil force to disperse.,,163
crpc_section_129.txt,"Code of Criminal Procedure, 1898",129,Use of military force.,,57
crpc_section_130.txt,"Code of Criminal Procedure, 1898",130,Duty of Officer Commanding troops required by Magistrate to disperse assembly.,,327
crpc_section_131.txt,"Code of Criminal Procedure, 1898",131,Power of commissioned military officers to disperse assembly.,,139
crpc_section_3131A.txt,"Code of Criminal Procedure, 1898",3131A,Power to use military force for public security and maintenance of law and order.__(1) If.,,244
crpc_section_132.txt,"Code of Criminal Procedure, 1898",132,Protection against prosecution for act done under this Chapter.,,1065
crpc_section_134.txt,"Code of Criminal Procedure, 1898",134,"Service or notification of order.__(1) The order shall, if practicable, be served on the person.",,80
crpc_section_135.txt,"Code of Criminal Procedure, 1898",135,Person to whom order is addressed to obey or show cause or claim jury.,,100
crpc_section_136.txt,"Code of Criminal Procedure, 1898",136,Consequence of his failing to do so.,,60
crpc_section_137.txt,"Code of Criminal Procedure, 1898",137,Procedure where he appears to show cause.__(1) If he appears and shows cause against the.,,69
crpc_section_138.txt,"Code of Criminal Procedure, 1898",138,Procedure where he claims Jury.__(1) On receiving an application under section 135 to appoint a.,,107
crpc_section_139.txt,"Code of Criminal Procedure, 1898",139,Procedure where jury finds Magistrate's order to be reasonable.__(1) If the jury or a majority.,,372
crpc_section_140.txt,"Code of Criminal Procedure, 1898",140,Procedure on order being made absolute.__(1) When an order has been made absolute under.,,210
crpc_section_141.txt,"Code of Criminal Procedure, 1898",141,Procedure on failure to appoint jury or omission to return verdict.,,78
crpc_section_142.txt,"Code of Criminal Procedure, 1898",142,Injunction pending inquiry.__(1) If a Magistrate making an order under section 133 considers that.,,135
crpc_section_143.txt,"Code of Criminal Procedure, 1898",143,Magistrate may prohibit repetition or continuance of public nuisance.,,51
crpc_section_144.txt,"Code of Criminal Procedure, 1898",144,Power to issue order absolute at once in urgent cases of nuisance or apprehended.,,531
crpc_section_145.txt,"Code of Criminal Procedure, 1898",145,"Procedure where dispute concerning land, etc., is likely to cause breach of peace.__(1).",,785
crpc_section_146.txt,"Code of Criminal Procedure, 1898",146,Power to attach subject of dispute.__(1) If the Magistrate decides that none of the parties was.,,596
crpc_section_148.txt,"Code of Criminal Procedure, 1898",148,"Local inquiry.__(1) Whenever a local inquiry is necessary for the purposes of this Chapter, 4[a.",,276
crpc_section_149.txt,"Code of Criminal Procedure, 1898",149,Police to prevent cognizable offences.__Every police­officer may interpose for the purpose of.,,29
crpc_section_150.txt,"Code of Criminal Procedure, 1898",150,Information of design to commit such offences.,,53
crpc_section_151.txt,"Code of Criminal Procedure, 1898",151,Arrest to prevent such offences.__A police­officer knowing of a design to commit any cognizable.,,47
crpc_section_152.txt,"Code of Criminal Procedure, 1898",152,Prevention of injury to public property.,,50
crpc_section_153.txt,"Code of Criminal Procedure, 1898",153,"Inspection of weights and measures.__(1) Any officer in charge of a police­station may, without a.",,118
crpc_section_154.txt,"Code of Criminal Procedure, 1898",154,Information in cognizable cases.,,286
crpc_section_155.txt,"Code of Criminal Procedure, 1898",155,Information in non­cognizable cases.__(1) When information is given to an officer incharge of a police­.,,131
crpc_section_156.txt,"Code of Criminal Procedure, 1898",156,"Investigation into cognizable cases._(1) Any officer in charge of a police­station may, without the order of.",,230
crpc_section_156B.txt,"Code of Criminal Procedure, 1898",156B,Investigation against a woman accused of the offence of zina.___Notwithstanding anything contained in.,,128
crpc_section_157.txt,"Code of Criminal Procedure, 1898",157,"Procedure where cognizable offence suspected.__(1) If, from information received or otherwise,.",,307
crpc_section_158.txt,"Code of Criminal Procedure, 1898",158,Reports under section 157 how submitted.__ (1) Every report sent to a Magistrate under section.,,82
crpc_section_159.txt,"Code of Criminal Procedure, 1898",159,Power to hold investigation of preliminary inquiry.,,54
crpc_section_160.txt,"Code of Criminal Procedure, 1898",160,Police­officer's power to require attendance of witnesses.,,134
crpc_section_161.txt,"Code of Criminal Procedure, 1898",161,Examination of witnesses by police.__ (1) Any police­officer making an investigation under this.,,316
crpc_section_162.txt,"Code of Criminal Procedure, 1898",162,Statements to police not to be signed; use of such statements in evidence.__6[(1) No statement.,,395
crpc_section_163.txt,"Code of Criminal Procedure, 1898",163,No inducement to be offered.__ (1) No police­officer or other person in authority shall offer or.,,85
crpc_section_164.txt,"Code of Criminal Procedure, 1898",164,"Power to record statements and confessions.__ (1) 2[3* * *,Any Magistrate of the first class and.",,855
crpc_section_164B.txt,"Code of Criminal Procedure, 1898",164B,"DNA test.__ (1) Where an offence under section 376, section 377 or section 377B of the Pakistan.",,133
crpc_section_165.txt,"Code of Criminal Procedure, 1898",165,Search by police­officer.__1[(1) Whenever an officer in charge of a police­station or a police­.,,540
crpc_section_166.txt,"Code of Criminal Procedure, 1898",166,When officer in charge of police­station may require another to issue search warrant.__(1) An.,,403
crpc_section_167.txt,"Code of Criminal Procedure, 1898",167,Procedure when investigation cannot be completed in twenty­four hours.__(1) Whenever 1[any.,,593
crpc_section_168.txt,"Code of Criminal Procedure, 1898",168,Report of investigation by subordinate police­officer.,,34
crpc_section_169.txt,"Code of Criminal Procedure, 1898",169,Release of accused when evidence deficient.,,107
crpc_section_170.txt,"Code of Criminal Procedure, 1898",170,"Case to be sent to Magistrate when evidence is sufficient.__(1) If, upon an investigation under.",,274
crpc_section_171.txt,"Code of Criminal Procedure, 1898",171,Complainants and witnesses not to be required to accompany police­officer.,,186
crpc_section_172.txt,"Code of Criminal Procedure, 1898",172,Diary of proceedings in investigation._(1) Every police­officer making an investigation under this.,,186
crpc_section_173.txt,"Code of Criminal Procedure, 1898",173,Report of police­officer.__1[(1) Every investigation under this Chapter shall be completed without.,,496
crpc_section_174.txt,"Code of Criminal Procedure, 1898",174,"Police to inquire and report on suicide, etc.__ (1) The officer in charge of a police­station or.",,636
crpc_section_175.txt,"Code of Criminal Procedure, 1898",175,"Power to summon persons.__(1) A police­officer proceeding under section 174 may, by order in.",,113
crpc_section_176.txt,"Code of Criminal Procedure, 1898",176,Inquiry by Magistrate into cause of death.__(1) When any person dies while in the custody of.,,236
crpc_section_177.txt,"Code of Criminal Procedure, 1898",177,Ordinary place of inquiry and trial.,,29
crpc_section_178.txt,"Code of Criminal Procedure, 1898",178,Power to order cases to be tried in different sessions divisions.,,80
crpc_section_179.txt,"Code of Criminal Procedure, 1898",179,"Accused triable in, district where act is done or where consequence ensues.",,365
crpc_section_180.txt,"Code of Criminal Procedure, 1898",180,Place of trial where act is offence by reason of relation to other offence.,,218
crpc_section_181.txt,"Code of Criminal Procedure, 1898",181,"Being a thug or belonging to a gang of dacoits, escape from custody, etc.__ (1) The offence of.",,284
crpc_section_182.txt,"Code of Criminal Procedure, 1898",182,Place of inquiry or trial where scene of offence is uncertain or not in one district only or.,,106
crpc_section_183.txt,"Code of Criminal Procedure, 1898",183,Offence committed on a journey.,,270
crpc_section_186.txt,"Code of Criminal Procedure, 1898",186,Power to issue summons or warrant for offence committed beyond local jurisdiction.,,298
crpc_section_187.txt,"Code of Criminal Procedure, 1898",187,Procedure where warrant issued by subordinate Magistrate.__ (1) If the person has.,,723
crpc_section_189.txt,"Code of Criminal Procedure, 1898",189,Power to direct copies of depositions and exhibits to be received in evidence.,,503
crpc_section_193.txt,"Code of Criminal Procedure, 1898",193,Cognizance of offences by Courts of Session._ (1) Except as otherwise expressly provided by this.,,107
crpc_section_194.txt,"Code of Criminal Procedure, 1898",194,Cognizance of offences by High Court.__(1) The High Court may take cognizance of any offence.,,1558
crpc_section_197.txt,"Code of Criminal Procedure, 1898",197,Prosecution of Judges and public servants.__1[(1) When any person who is a Judge within the.,,217
crpc_section_11198.txt,"Code of Criminal Procedure, 1898",11198,"Prosecution for breach of contract, defamation and offences against marriage.",,850
crpc_section_199.txt,"Code of Criminal Procedure, 1898",199,Prosecution for adultery or enticing a married woman.,,730
crpc_section_200.txt,"Code of Criminal Procedure, 1898",200,"Examination of complainant: 1* * *, a Magistrate taking cognizance of an offence on complaint.",,181
crpc_section_201.txt,"Code of Criminal Procedure, 1898",201,Procedure by Magistrate not competent to take cognizance of the case.__(1) If the complaint.,,436
crpc_section_203.txt,"Code of Criminal Procedure, 1898",203,Dismissal of complaint.,,439
crpc_section_203B.txt,"Code of Criminal Procedure, 1898",203B,Complaint in case of Qazf.__(1) Subject to sub­section (2) of section 6 of the Offence of Qazf.,,235
crpc_section_203C.txt,"Code of Criminal Procedure, 1898",203C,Complaint in case of fornication.__(1) No court shall take cognizance of an offence under.,,335
crpc_section_204.txt,"Code of Criminal Procedure, 1898",204,Issues of process.__(1) If in the opinion of a 2[Court] taking cognizance of an offence there is.,,228
crpc_section_205.txt,"Code of Criminal Procedure, 1898",205,Magistrate may dispense with personal attendance of accused._(1) Whenever a Magistrate.,,113
crpc_section_221.txt,"Code of Criminal Procedure, 1898",221,Charge to state offence.__ (1) Every charge under this Code shall state the offence with which the.,,618
crpc_section_222.txt,"Code of Criminal Procedure, 1898",222,Particulars as to time Place and person.__(1) The charge shall contain such particulars as to the.,,214
crpc_section_223.txt,"Code of Criminal Procedure, 1898",223,When manner of committing offence must be stated.,,252
crpc_section_224.txt,"Code of Criminal Procedure, 1898",224,Words in charge taken in sense of law under which offence is punishable.,,46
crpc_section_225.txt,"Code of Criminal Procedure, 1898",225,Effect of errors.,,445
crpc_section_227.txt,"Code of Criminal Procedure, 1898",227,Court may alter charge.­(1) Any Court may alter or add to any charge at any time.,,39
crpc_section_228.txt,"Code of Criminal Procedure, 1898",228,When trial may proceed immediately after alteration.,,179
crpc_section_229.txt,"Code of Criminal Procedure, 1898",229,"When new trial may be directed, or trial suspended.",,62
crpc_section_230.txt,"Code of Criminal Procedure, 1898",230,Stay of proceedings if prosecution of offence in altered charge require previous sanction.,,73
crpc_section_231.txt,"Code of Criminal Procedure, 1898",231,Re­call of witnesses when charge altered.,,68
crpc_section_232.txt,"Code of Criminal Procedure, 1898",232,"Effect of material error.­(1) If any Appellate Court, or the High Court 1[,or the Court of Session].",,226
crpc_section_233.txt,"Code of Criminal Procedure, 1898",233,Separate charges for distinct offences.,,94
crpc_section_234.txt,"Code of Criminal Procedure, 1898",234,Three offences of same kind within year may be charged together.­(1) When a person is.,,198
crpc_section_235.txt,"Code of Criminal Procedure, 1898",235,"Trial for more than one offence.­(1) If, in one series of acts so connected together as to form the.",,901
crpc_section_236.txt,"Code of Criminal Procedure, 1898",236,Where it is doubtful what offence has been committed.,,196
crpc_section_237.txt,"Code of Criminal Procedure, 1898",237,"When a person is charged with one offence, he can be convicted of another.­(1) If, in the case.",,132
crpc_section_238.txt,"Code of Criminal Procedure, 1898",238,When offence proved included in offence charged.­(1) When a person is charged with an offence.,,582
crpc_section_240.txt,"Code of Criminal Procedure, 1898",240,Withdrawal of remaining charges on conviction on one of several charges.,,525
crpc_section_243.txt,"Code of Criminal Procedure, 1898",243,Conviction on admission of truth of accusation.,,57
crpc_section_244.txt,"Code of Criminal Procedure, 1898",244,Procedure when no such admission is made.__(1) 4[If the Magistrate does not convict the.,,395
crpc_section_245.txt,"Code of Criminal Procedure, 1898",245,Acquittal.__(1) If the Magistrate upon taking the evidence referred to in section 244 and such.,,186
crpc_section_247.txt,"Code of Criminal Procedure, 1898",247,Non­appearance of complainant.,,123
crpc_section_248.txt,"Code of Criminal Procedure, 1898",248,Withdrawal of complaint.,,52
crpc_section_249.txt,"Code of Criminal Procedure, 1898",249,Power to stop proceedings when no complainant.,,222
crpc_section_250.txt,"Code of Criminal Procedure, 1898",250,"False, frivolous or vexatious accusations.­3[(1) If in any case instituted upon complaint or upon.",,920
crpc_section_260.txt,"Code of Criminal Procedure, 1898",260,"Power to try summarily.­(1) Notwithstanding anything contained in this Code,__.",,559
crpc_section_261.txt,"Code of Criminal Procedure, 1898",261,Power to invest Bench of Magistrates invested with less powers.,,144
crpc_section_262.txt,"Code of Criminal Procedure, 1898",262,"Procedure 6[prescribed in Chapter XX] applicable.__6[(1) In trials under this Chapter, the.",,51
crpc_section_263.txt,"Code of Criminal Procedure, 1898",263,Record in cases where there is no appeal.,,327
crpc_section_265.txt,"Code of Criminal Procedure, 1898",265,Language of record and Judgment.__(1) Records made under section 263 and judgments.,,203
crpc_section_265A.txt,"Code of Criminal Procedure, 1898",265A,Trials before Court of Session to be conducted by Public Prosecutor.,,34
crpc_section_265B.txt,"Code of Criminal Procedure, 1898",265B,Procedure in cases triable by High Courts and Courts of Session.,,37
crpc_section_265C.txt,"Code of Criminal Procedure, 1898",265C,Supply of statements and documents to the accused.__(1) In all cases instituted upon police.,,418
crpc_section_265E.txt,"Code of Criminal Procedure, 1898",265E,"Plea.__(1) The charge shall be read and explained to the accused, and he shall be asked.",,47
crpc_section_265F.txt,"Code of Criminal Procedure, 1898",265F,Evidence for prosecution.__(1) If the accused does not plead guilty or the Court in its.,,331
crpc_section_265G.txt,"Code of Criminal Procedure, 1898",265G,"Summing up by prosecutor and defence.__(1) In cases where the accused, or any one.",,106
crpc_section_265H.txt,"Code of Criminal Procedure, 1898",265H,Acquittal or conviction.­(1) If in any case under this Chapter in which a charge has.,,64
crpc_section_265I.txt,"Code of Criminal Procedure, 1898",265I,"Procedure in case of previous conviction.­(1) In a case where, by reason of a previous.",,129
crpc_section_265J.txt,"Code of Criminal Procedure, 1898",265J,Statement under section 164 admissible.,,78
crpc_section_265K.txt,"Code of Criminal Procedure, 1898",265K,Power of Court to acquit accused at any stage.,,60
crpc_section_265L.txt,"Code of Criminal Procedure, 1898",265L,Power of Advocate­General to stay prosecution.,,85
crpc_section_265M.txt,"Code of Criminal Procedure, 1898",265M,Time of holding sittings.,,43
crpc_section_265N.txt,"Code of Criminal Procedure, 1898",265N,Place of holding sittings.­(1) The High Court shall hold its sittings at the place at which it held.,,149
crpc_section_337.txt,"Code of Criminal Procedure, 1898",337,Tender of pardon to accomplice.­1[(1) In the case of any offence triable exclusively by the High.,,581
crpc_section_339.txt,"Code of Criminal Procedure, 1898",339,Commitment of person to whom pardon has been tendered.­(1) Where a pardon has­been.,,705
crpc_section_341.txt,"Code of Criminal Procedure, 1898",341,Procedure where accused does not understand proceedings.,,84
crpc_section_342.txt,"Code of Criminal Procedure, 1898",342,Power to examine the accused.­(1) For the purpose of enabling the accused to explain any.,,294
crpc_section_343.txt,"Code of Criminal Procedure, 1898",343,No influence to be used to induce disclosures.,,47
crpc_section_344.txt,"Code of Criminal Procedure, 1898",344,"Power to postpone or adjourn proceedings.­(1) If, from the absence of a witness, or any.",,241
crpc_section_345.txt,"Code of Criminal Procedure, 1898",345,Compounding offences.­(1) The offences punishable under the sections of the Pakistan.,,2016
crpc_section_349.txt,"Code of Criminal Procedure, 1898",349,Procedure when Magistrate cannot pass sentence sufficiently severe.­(1) Whenever a.,,669
crpc_section_351.txt,"Code of Criminal Procedure, 1898",351,"Detention of offenders attending Court.­(1) Any person attending a Criminal Court, although not under.",,98
crpc_section_352.txt,"Code of Criminal Procedure, 1898",352,Courts to be open.,,254
crpc_section_353.txt,"Code of Criminal Procedure, 1898",353,Evidence to be taken in presence of accused.,,46
crpc_section_354.txt,"Code of Criminal Procedure, 1898",354,Manner of recording evidence.,,263
crpc_section_356.txt,"Code of Criminal Procedure, 1898",356,Record in other cases.­(1) 3[In trials before Courts of Session and in inquiries under.,,405
crpc_section_357.txt,"Code of Criminal Procedure, 1898",357,Language of record of evidence._(1) The 1[Provincial Government] may direct that in any district.,,171
crpc_section_358.txt,"Code of Criminal Procedure, 1898",358,Option to Magistrate in cases under section 355.,,71
crpc_section_359.txt,"Code of Criminal Procedure, 1898",359,Mode of recording evidence under section 356 or section 357.__(1) Evidence taken under.,,62
crpc_section_360.txt,"Code of Criminal Procedure, 1898",360,Procedure in regard to such evidence when completed._(1) As the evidence of each witness.,,178
crpc_section_361.txt,"Code of Criminal Procedure, 1898",361,Interpretation of evidence to accused or his pleader.__ (1) Whenever any evidence is.,,123
crpc_section_363.txt,"Code of Criminal Procedure, 1898",363,Remarks respecting demeanour of witness.,,40
crpc_section_364.txt,"Code of Criminal Procedure, 1898",364,Examination of accused how recorded.__(1) Whenever the accused is examined by any.,,452
crpc_section_365.txt,"Code of Criminal Procedure, 1898",365,Record of evidence in High Court.,,61
crpc_section_366.txt,"Code of Criminal Procedure, 1898",366,Mode of delivering judgment._(1) The judgment in every trial in any Criminal Court of original.,,439
crpc_section_367.txt,"Code of Criminal Procedure, 1898",367,"Language of judgment Contents of judgment.__(1) Every such judgment shall, except as.",,299
crpc_section_368.txt,"Code of Criminal Procedure, 1898",368,"Sentence of death._(1) When any person is sentenced to death, the sentence shall direct that he be.",,32
crpc_section_369.txt,"Code of Criminal Procedure, 1898",369,Court not to alter judgment.,,222
crpc_section_371.txt,"Code of Criminal Procedure, 1898",371,"Copy of Judgment, etc., to be given to accused 1* *.­2[(1) In every case where the accused is.",,139
crpc_section_372.txt,"Code of Criminal Procedure, 1898",372,Judgment when to be translated.,,52
crpc_section_373.txt,"Code of Criminal Procedure, 1898",373,Court of Session to send copy of finding and sentence to 5[officer­in­charge of prosecution].,,64
crpc_section_374.txt,"Code of Criminal Procedure, 1898",374,Sentence of death to be submitted by Court of Session.,,44
crpc_section_375.txt,"Code of Criminal Procedure, 1898",375,Power to Direct further inquiry to be made or additional evidence to be taken.­(1) If when.,,191
crpc_section_376.txt,"Code of Criminal Procedure, 1898",376,Power of High Court to confirm sentence or annul conviction.,,116
crpc_section_377.txt,"Code of Criminal Procedure, 1898",377,Confirmation of new sentence to be signed by two Judges.,,53
crpc_section_378.txt,"Code of Criminal Procedure, 1898",378,Procedure in case of difference of opinion.,,62
crpc_section_379.txt,"Code of Criminal Procedure, 1898",379,Procedure in cases submitted to High Court for confirmation.,,230
crpc_section_381.txt,"Code of Criminal Procedure, 1898",381,Execution of order passed under section 376.,,104
crpc_section_382.txt,"Code of Criminal Procedure, 1898",382,Postponement of capital sentence on pregnant woman.,,225
crpc_section_382B.txt,"Code of Criminal Procedure, 1898",382B,Period of detention to be considered while awarding sentence of.,,165
crpc_section_383.txt,"Code of Criminal Procedure, 1898",383,Execution of sentences of 1[imprisonment for life] or imprisonment in other.,,78
crpc_section_384.txt,"Code of Criminal Procedure, 1898",384,Direction of warrant for execution.,,40
crpc_section_385.txt,"Code of Criminal Procedure, 1898",385,Warrant with whom to be lodged.,,438
crpc_section_387.txt,"Code of Criminal Procedure, 1898",387,Effect of such warrant.,,475
crpc_section_389.txt,"Code of Criminal Procedure, 1898",389,Who may issue warrant.,,32
crpc_section_390.txt,"Code of Criminal Procedure, 1898",390,Execution of sentence of whipping only.,,37
crpc_section_391.txt,"Code of Criminal Procedure, 1898",391,"Execution of sentence of whipping, in addition to imprisonment.­(1) When the accused__.",,183
crpc_section_392.txt,"Code of Criminal Procedure, 1898",392,Mode of inflicting punishment.­(1) In the case of a person of or over sixteen years of age.,,176
crpc_section_393.txt,"Code of Criminal Procedure, 1898",393,Not to be executed by instalments Exemptions.­ No sentence of whipping shall be.,,69
crpc_section_394.txt,"Code of Criminal Procedure, 1898",394,Whipping not to be inflicted if offender not in fit state of health.­(1) The punishment.,,111
crpc_section_395.txt,"Code of Criminal Procedure, 1898",395,Procedure if punishment cannot be inflicted under section 394.­(1) In any case in.,,164
crpc_section_396.txt,"Code of Criminal Procedure, 1898",396,Execution of sentences on escaped convicts.­(1) When sentence is passed under this.,,285
crpc_section_397.txt,"Code of Criminal Procedure, 1898",397,Sentence on offender already sentenced for another offence.,,131
crpc_section_398.txt,"Code of Criminal Procedure, 1898",398,Saving as to sections 396 and 397.­(1) Nothing in section 396 or section 397 shall be held to.,,254
crpc_section_399.txt,"Code of Criminal Procedure, 1898",399,Confinement of youthful offenders in reformatories.­(1) When any person under the age of.,,145
crpc_section_400.txt,"Code of Criminal Procedure, 1898",400,Return of warrant on execution of sentence.,,55
crpc_section_401.txt,"Code of Criminal Procedure, 1898",401,Power to suspend or remit sentences.­(1) When any person has been sentenced to punishment.,,1126
crpc_section_403.txt,"Code of Criminal Procedure, 1898",403,Person once convicted or acquitted not to be tried for same offence.­(1) A person who has once.,,729
crpc_section_404.txt,"Code of Criminal Procedure, 1898",404,"Unless otherwise provided, no appeal to lie.",,39
crpc_section_405.txt,"Code of Criminal Procedure, 1898",405,Appeal from order rejecting application for restoration of attached property.,,180
crpc_section_408.txt,"Code of Criminal Procedure, 1898",408,Appeal from sentence of Assistant Sessions Judge or [Judicial] Magistrate.,,405
crpc_section_410.txt,"Code of Criminal Procedure, 1898",410,Appeal from sentence of Court of Session.,,571
crpc_section_412.txt,"Code of Criminal Procedure, 1898",412,No appeal in certain cases when accused pleads guilty.,,59
crpc_section_413.txt,"Code of Criminal Procedure, 1898",413,No appeal in petty cases.,,124
crpc_section_414.txt,"Code of Criminal Procedure, 1898",414,No appeal from certain summary convictions.,,298
crpc_section_415.txt,"Code of Criminal Procedure, 1898",415,Proviso to sections 413 and 414.,,614
crpc_section_419.txt,"Code of Criminal Procedure, 1898",419,Petition of appeal.,,53
crpc_section_420.txt,"Code of Criminal Procedure, 1898",420,Procedure when appellant in jail.,,46
crpc_section_421.txt,"Code of Criminal Procedure, 1898",421,Summary dismissal of appeal.­(1) On receiving the petition and copy under section 419 or section.,,99
crpc_section_422.txt,"Code of Criminal Procedure, 1898",422,Notice of appeal.,,98
crpc_section_423.txt,"Code of Criminal Procedure, 1898",423,Powers of Appellate Court in disposing of appeal.­(1) The Appellate Court shall then send for.,,339
crpc_section_424.txt,"Code of Criminal Procedure, 1898",424,Judgments of subordinate Appellate Courts.,,65
crpc_section_425.txt,"Code of Criminal Procedure, 1898",425,Order by High Court on appeal to be certified to lower Court.­(1) Whenever a case is decided.,,119
crpc_section_426.txt,"Code of Criminal Procedure, 1898",426,Suspension of sentence pending appeal.,,673
crpc_section_427.txt,"Code of Criminal Procedure, 1898",427,Arrest of accused in appeal from acquittal.,,66
crpc_section_428.txt,"Code of Criminal Procedure, 1898",428,Appellate Court may take further evidence or direct it to be taken.­(1) In dealing.,,154
crpc_section_429.txt,"Code of Criminal Procedure, 1898",429,Procedure where Judges of Court of Appeal are equally divided.,,65
crpc_section_430.txt,"Code of Criminal Procedure, 1898",430,Finality of orders on appeal.,,31
crpc_section_431.txt,"Code of Criminal Procedure, 1898",431,Abatement of appeals.,,182
crpc_section_435.txt,"Code of Criminal Procedure, 1898",435,Power to call for records of inferior Courts.­(1) The High Court or any Sessions Judge or District.,,404
crpc_section_439.txt,"Code of Criminal Procedure, 1898",439,High Court’s powers of revision.­(1) In the case of any proceeding the record of which.,,502
crpc_section_440.txt,"Code of Criminal Procedure, 1898",440,Optional with Court to hear parties.,,87
crpc_section_442.txt,"Code of Criminal Procedure, 1898",442,High Court's order to be certified to lower Court or Magistrate.,,131
crpc_section_464.txt,"Code of Criminal Procedure, 1898",464,Procedure in case of accused being lunatic.­(1) When a Magistrate holding an inquiry or a trial.,,205
crpc_section_465.txt,"Code of Criminal Procedure, 1898",465,Procedure in case of person 2[sent for trial] Court of Session or High Court being.,,116
crpc_section_466.txt,"Code of Criminal Procedure, 1898",466,Release of lunatic pending investigation or trial.­(1) Whenever an accused person is found to be.,,210
crpc_section_467.txt,"Code of Criminal Procedure, 1898",467,Resumption of inquiry or trial.­(1) Whenever an inquiry or a trial is postponed under section.,,182
crpc_section_468.txt,"Code of Criminal Procedure, 1898",468,"Procedure on accused appearing before Magistrate or Court.­(1) If, when the accused appears.",,225
crpc_section_470.txt,"Code of Criminal Procedure, 1898",470,Judgment of acquittal on ground of lunacy.,,72
crpc_section_471.txt,"Code of Criminal Procedure, 1898",471,Person acquitted on such ground to be detained in safe custody.­(1) Whenever 4[the finding].,,332
crpc_section_473.txt,"Code of Criminal Procedure, 1898",473,Procedure where lunatic prisoner is reported capable of making his defence.,,133
crpc_section_474.txt,"Code of Criminal Procedure, 1898",474,Procedure where lunatic detained under section 466 or 471 is declared fit to be released.­(1).,,1034
crpc_section_476A.txt,"Code of Criminal Procedure, 1898",476A,Forwording of cases for trial by Courts having jurisdiction.­(1) If the Court in any case.,,245
crpc_section_480.txt,"Code of Criminal Procedure, 1898",480,Procedure in certain cases of contempt.­(1) When any such offence as is described in section.,,127
crpc_section_481.txt,"Code of Criminal Procedure, 1898",481,Record in such cases.­(1) In every such case the Court shall record the facts constituting the.,,80
crpc_section_482.txt,"Code of Criminal Procedure, 1898",482,Procedure where Court considers that case should not be dealt with under section 480.­(1) If.,,178
crpc_section_483.txt,"Code of Criminal Procedure, 1898",483,When Registrar or Sub­Registrar to be deemed a Civil Court within sections 480 and 482.,,125
crpc_section_484.txt,"Code of Criminal Procedure, 1898",484,Discharge of offender on submission or apology.,,84
crpc_section_485.txt,"Code of Criminal Procedure, 1898",485,Imprisonment or committal of person refusing to answer or produce document.,,171
crpc_section_486.txt,"Code of Criminal Procedure, 1898",486,Appeals from convictions in contempt cases.­(1) Any person sentenced by any Court under.,,306
crpc_section_487.txt,"Code of Criminal Procedure, 1898",487,Certain Judges and Magistrates not to try offences referred to in section 195 when committed.,,131
crpc_section_491.txt,"Code of Criminal Procedure, 1898",491,"Power to issue directions of the nature of a habeas carpus.­(1) 7[Any High Court] may,.",,500
crpc_section_492.txt,"Code of Criminal Procedure, 1898",492,"Power to appoint Public Prosecutors.­(1) The 5* * 6[Provincial Government] may appoint,.",,95
crpc_section_493.txt,"Code of Criminal Procedure, 1898",493,Public Prosecutor may plead in all Courts in cases under his charge Pleaders privately.,,237
crpc_section_494.txt,"Code of Criminal Procedure, 1898",494,Effect of withdrawal from prosecution.,,17
crpc_section_494.txt,"Code of Criminal Procedure, 1898",494,Effect of withdrawal from prosecution.,,110
crpc_section_495.txt,"Code of Criminal Procedure, 1898",495,Permission to conduct prosecution.­(1) Any Magistrate inquiring into or trying any.,,272
crpc_section_496.txt,"Code of Criminal Procedure, 1898",496,In what cases bail to be taken.,,136
crpc_section_497.txt,"Code of Criminal Procedure, 1898",497,When bail may be taken in case of non­bailable offence.­(1) When any person accused of any.,,716
crpc_section_498.txt,"Code of Criminal Procedure, 1898",498,Power to direct admission to bail or reduction of bail.,,198
crpc_section_499.txt,"Code of Criminal Procedure, 1898",499,Bond of accused and sureties._ (1) Before any person is released on bail or released on his own.,,192
crpc_section_500.txt,"Code of Criminal Procedure, 1898",500,"Discharge from custody._(1) As soon as the bond has been executed, the person for whose.",,99
crpc_section_501.txt,"Code of Criminal Procedure, 1898",501,Power to order sufficient bail when that first taken is insufficient.,,68
crpc_section_502.txt,"Code of Criminal Procedure, 1898",502,Discharge of sureties.­(1) All or any sureties for the attendance and appearance of a person.,,132
crpc_section_503.txt,"Code of Criminal Procedure, 1898",503,"When attendance of witness may be dispensed with._(1) Whenever, in the course of an inquiry, a.",,471
crpc_section_505.txt,"Code of Criminal Procedure, 1898",505,Parties may examine witnesses.­10[(1) The parties to any proceeding under this Code in which a.,,391
crpc_section_506.txt,"Code of Criminal Procedure, 1898",506,Power of 1* *Magistrate to apply.,,19
crpc_section_506.txt,"Code of Criminal Procedure, 1898",506,"Power of 1* *Magistrate to apply for issue of commission, Whenever, in the course of.",,125
crpc_section_507.txt,"Code of Criminal Procedure, 1898",507,Return of commission._(1) After any commission issued under section 503 or section.,,124
crpc_section_508.txt,"Code of Criminal Procedure, 1898",508,Adjournment of inquiry or trial.,,383
crpc_section_509.txt,"Code of Criminal Procedure, 1898",509,"Deposition of medical witness._(1) The deposition of a Civil Surgeon or other medical witness,.",,207
crpc_section_511.txt,"Code of Criminal Procedure, 1898",511,Previous conviction or acquittal how proved.,,147
crpc_section_512.txt,"Code of Criminal Procedure, 1898",512,Record of evidence in absence of accused._(1) If it is proved that an accused person has.,,315
crpc_section_513.txt,"Code of Criminal Procedure, 1898",513,Deposit instead of recognizance.,,66
crpc_section_514.txt,"Code of Criminal Procedure, 1898",514,Procedure on forfeiture of bond._ (1) Whenever it is proved to the satisfaction of the Court by.,,655
crpc_section_514B.txt,"Code of Criminal Procedure, 1898",514B,Bond required from a minor.,,83
crpc_section_516.txt,"Code of Criminal Procedure, 1898",516,Power to direct levy of amount due on certain recognizances.,,444
crpc_section_517.txt,"Code of Criminal Procedure, 1898",517,Order for disposal of property regarding which offence committed.­(1) When an inquiry or a.,,400
crpc_section_518.txt,"Code of Criminal Procedure, 1898",518,Order may take form of reference to District.,,65
crpc_section_519.txt,"Code of Criminal Procedure, 1898",519,Payment to innocent purchaser of money found on accused.,,118
crpc_section_520.txt,"Code of Criminal Procedure, 1898",520,"Stay of Order under Section 517,518 or 519.",,61
crpc_section_521.txt,"Code of Criminal Procedure, 1898",521,Destruction of libellous and other matter._(1) On a convict under the Pakistan Penal Code (XLV.,,113
crpc_section_522.txt,"Code of Criminal Procedure, 1898",522,Power to restore possession of immoveable property.­(1) Whenever a person is onvicted of an.,,455
crpc_section_523.txt,"Code of Criminal Procedure, 1898",523,Procedure by police upon seizure of property taken under section 51 or stolen.­(1) The seizure.,,272
crpc_section_524.txt,"Code of Criminal Procedure, 1898",524,Procedure where no claimant appears within six months._(1) If no person within such.,,109
crpc_section_525.txt,"Code of Criminal Procedure, 1898",525,Power to sell perishable property.,,109
crpc_section_526.txt,"Code of Criminal Procedure, 1898",526,High Court may transfer case or itself try it._ (1) Whenever it is made to appear to the High.,,1113
crpc_section_527.txt,"Code of Criminal Procedure, 1898",527,Power of Provincial Government to transfer cases and appeals._(1) The 5[Provincial.,,271
crpc_section_528.txt,"Code of Criminal Procedure, 1898",528,Sessions Judge may withdraw cases from Assistant Sessions Judge._1[(1) Any Sessions Judge.,,475
crpc_section_529.txt,"Code of Criminal Procedure, 1898",529,Irregularities which do not vitiate proceedings.,,164
crpc_section_530.txt,"Code of Criminal Procedure, 1898",530,Irregularities which vitiate proceedings.,,201
crpc_section_531.txt,"Code of Criminal Procedure, 1898",531,Proceedings in wrong place.,,88
crpc_section_533.txt,"Code of Criminal Procedure, 1898",533,"Non­compliance with provisions of Section 164 or 364.­(1) If any Court, before which a.",,148
crpc_section_535.txt,"Code of Criminal Procedure, 1898",535,Effect of omission to prepare charge.­(1) No finding or sentence pronounced or passed shall be.,,357
crpc_section_538.txt,"Code of Criminal Procedure, 1898",538,"Attachment not illegal, person making same not trespasser for defect or want of form in.",,63
crpc_section_539.txt,"Code of Criminal Procedure, 1898",539,Court and persons before whom affidavits may be sworn.,,533
crpc_section_540.txt,"Code of Criminal Procedure, 1898",540,Power to summon material witness or examine person present.,,312
crpc_section_541.txt,"Code of Criminal Procedure, 1898",541,Power to appoint place of imprisonment.­(1) Unless when otherwise provided by any law for the.,,259
crpc_section_543.txt,"Code of Criminal Procedure, 1898",543,Interpreter to be bound to Interpret truthfully.,,42
crpc_section_544.txt,"Code of Criminal Procedure, 1898",544,Expenses of complainants and witnesses.,,467
crpc_section_545.txt,"Code of Criminal Procedure, 1898",545,Power of Court to pay expenses of compensation out of fine.­(1) Whenever under any law in.,,340
crpc_section_546.txt,"Code of Criminal Procedure, 1898",546,Payments to be taken into account in subsequent suit.,,177
crpc_section_547.txt,"Code of Criminal Procedure, 1898",547,Moneys ordered to be paid recoverable as fines.,,47
crpc_section_548.txt,"Code of Criminal Procedure, 1898",548,Copies of proceedings.,,69
crpc_section_549.txt,"Code of Criminal Procedure, 1898",549,Delivery to military authorities of persons liable to be tried by Court­martial.­(1) The.,,348
crpc_section_550.txt,"Code of Criminal Procedure, 1898",550,Powers of police to seize property suspected to be stolen.,,62
crpc_section_551.txt,"Code of Criminal Procedure, 1898",551,Powers of superior officers of police.,,46
crpc_section_552.txt,"Code of Criminal Procedure, 1898",552,Powers to compel restoration of abducted females.,,261
crpc_section_554.txt,"Code of Criminal Procedure, 1898",554,Power of 1* High Courts to make rules for inspection of records of subordinate Courts.­.,,226
crpc_section_555.txt,"Code of Criminal Procedure, 1898",555,Forms.,,52
crpc_section_556.txt,"Code of Criminal Procedure, 1898",556,Case in which Judge or Magistrate is personally interested.,,458
crpc_section_557.txt,"Code of Criminal Procedure, 1898",557,Practising pleader not to sit as Magistrate in certain Courts.,,44
crpc_section_558.txt,"Code of Criminal Procedure, 1898",558,Powers to decide language of Courts.,,340
crpc_section_560.txt,"Code of Criminal Procedure, 1898",560,Officers concerned in sales not to purchase or bid for property.,,798
crpc_section_563.txt,"Code of Criminal Procedure, 1898",563,Provision in case of offender failing to observe conditions of his recognizance.­(1) If the Court.,,118
crpc_section_1564.txt,"Code of Criminal Procedure, 1898",1564,"Conditions as to abode of offender.­(1) The Court, before directing the release of an offender.",,13776
crpc_section_295C.txt,"Code of Criminal Procedure, 1898",295C,Use of                   Ditto ..,,12700
crpc_section_1.txt,"Code of Criminal Procedure, 1898",1,Power to try cases under section 124A of the Pakistan Penal Code.,,70
crpc_section_349.txt,"Code of Criminal Procedure, 1898",349,Powers with which a Magistrate of the second class may be invested by the Provincial Government.,,11549
constitution_article_10A.txt,"Constitution of Pakistan, 1973",10A,Article 10A,"Part II, Chapter 1: Fundamental Rights",32
constitution_article_17.txt,"Constitution of Pakistan, 1973",17,Article 17,"Part II, Chapter 1: Fundamental Rights",4
constitution_article_19A.txt,"Constitution of Pakistan, 1973",19A,Article 19A,"Part II, Chapter 1: Fundamental Rights",29
constitution_article_25A.txt,"Constitution of Pakistan, 1973",25A,Article 25A,"Part II, Chapter 1: Fundamental Rights",31
constitution_article_26.txt,"Constitution of Pakistan, 1973",26,Non-discrimination in respect of access to public places.,"Part II, Chapter 1: Fundamental Rights",9
constitution_article_27.txt,"Constitution of Pakistan, 1973",27,Safeguard against discrimination in services.,"Part II, Chapter 1: Fundamental Rights",6
